eventLength,eventVersion,eventType,sequence,manufacturer,sw,hw,deviceMajorId,deviceMinorId,battery,wakeTime,imei,cellId,ecl,rssi,rsrp,rsrq,plmn,aux,ns,latitude,ew,longitude,gpsTimestamp,altitude,positionHorizontalError,satellites,hdop,rawEvent,incidenceId,eventDate,isDGTNotificated,manufacturerId,deviceId
125,1,2,14,1,11,2,0000,0C3C,5.5,22,869154040242534,f98683d,0,-66,-80,22,21401,00000,N,41.644461,W,0.762087,2022-02-25T12:11:21Z,221,2,17,0.61,MTI1MDAxMjAxNDAwMDExMTAyMDAwMDBDM0M1NTAyMjg2OTE1NDA0MDI0MjUzNGY5ODY4M2QwIC02NiAtODAgIDIyIDIxNDAxMDAwMDBONDEuNjQ0NDYxVzAwMC43NjIwODcyMDIyMDIyNTEyMTEyMTAyMjEwMjE3MDAuNjE=,37985,2022-02-25T12:11:38Z,0,,3132
125,1,2,14,1,11,2,0000,0C56,4.1,22,869154040236601,f98683d,0,-70,-84,26,21401,00000,N,41.644517,W,0.762029,2022-02-25T12:11:25Z,211,2,17,0.6,MTI1MDAxMjAxNDAwMDExMTAyMDAwMDBDNTY0MTAyMjg2OTE1NDA0MDIzNjYwMWY5ODY4M2QwIC03MCAtODQgIDI2IDIxNDAxMDAwMDBONDEuNjQ0NTE3VzAwMC43NjIwMjkyMDIyMDIyNTEyMTEyNTAyMTEwMjE3MDAuNjA=,37988,2022-02-25T12:11:38Z,0,,3158
125,1,2,14,1,11,2,0000,0C3D,4.5,22,869154040119146,f98683d,0,-67,-81,21,21401,00000,N,41.64445,W,0.762091,2022-02-25T12:11:21Z,202,1,16,0.6,MTI1MDAxMjAxNDAwMDExMTAyMDAwMDBDM0Q0NTAyMjg2OTE1NDA0MDExOTE0NmY5ODY4M2QwIC02NyAtODEgIDIxIDIxNDAxMDAwMDBONDEuNjQ0NDUwVzAwMC43NjIwOTEyMDIyMDIyNTEyMTEyMTAyMDIwMTE2MDAuNjA=,37989,2022-02-25T12:11:36Z,0,,3133
125,1,2,14,1,11,2,0000,0C42,5.4,22,869154040239290,f98683d,0,-66,-80,23,21401,00000,N,41.644456,W,0.762058,2022-02-25T12:11:18Z,204,2,15,0.66,MTI1MDAxMjAxNDAwMDExMTAyMDAwMDBDNDI1NDAyMjg2OTE1NDA0MDIzOTI5MGY5ODY4M2QwIC02NiAtODAgIDIzIDIxNDAxMDAwMDBONDEuNjQ0NDU2VzAwMC43NjIwNTgyMDIyMDIyNTEyMTExNzAyMDQwMjE1MDAuNjY=,37984,2022-02-25T12:11:34Z,0,,3138
125,1,2,14,1,11,2,0000,0C54,5.4,22,869154040144540,f99883d,0,-70,-83,24,21401,00000,N,41.644564,W,0.761993,2022-02-25T12:11:16Z,207,2,16,0.66,MTI1MDAxMjAxNDAwMDExMTAyMDAwMDBDNTQ1NDAyMjg2OTE1NDA0MDE0NDU0MGY5OTg4M2QwIC03MCAtODMgIDI0IDIxNDAxMDAwMDBONDEuNjQ0NTY0VzAwMC43NjE5OTMyMDIyMDIyNTEyMTExNTAyMDcwMjE2MDAuNjY=,37982,2022-02-25T12:11:34Z,0,,3156
125,1,2,14,1,11,2,0000,0C51,4.5,22,869154040231404,f99883d,0,-66,-80,21,21401,00000,N,41.64446,W,0.761997,2022-02-25T12:07:55Z,214,2,17,0.61,MTI1MDAxMjAxNDAwMDExMTAyMDAwMDBDNTE0NTAyMjg2OTE1NDA0MDIzMTQwNGY5OTg4M2QwIC02NiAtODAgIDIxIDIxNDAxMDAwMDBONDEuNjQ0NDYwVzAwMC43NjE5OTcyMDIyMDIyNTEyMDc1NDAyMTQwMjE3MDAuNjE=,37983,2022-02-25T12:11:33Z,0,,3153
125,1,2,14,1,11,2,0000,0C43,4.8,22,869154040089430,f98683d,0,-69,-87,14,21401,00000,N,41.644437,W,0.762014,2022-02-25T12:11:23Z,205,1,18,0.58,MTI1MDAxMjAxNDAwMDExMTAyMDAwMDBDNDM0ODAyMjg2OTE1NDA0MDA4OTQzMGY5ODY4M2QxIC02OSAtODcgIDE0IDIxNDAxMDAwMDBONDEuNjQ0NDM3VzAwMC43NjIwMTQyMDIyMDIyNTEyMTEyMjAyMDUwMTE4MDAuNTg=,37987,2022-02-25T12:11:33Z,0,,3139
125,1,2,14,1,11,2,0000,0C3B,4.4,22,869154040260940,f99883d,0,-68,-83,24,21401,00000,N,41.644481,W,0.762005,2022-02-25T12:11:11Z,216,2,16,0.63,MTI1MDAxMjAxNDAwMDExMTAyMDAwMDBDM0I0NDAyMjg2OTE1NDA0MDI2MDk0MGY5OTg4M2QwIC02OCAtODMgIDI0IDIxNDAxMDAwMDBONDEuNjQ0NDgxVzAwMC43NjIwMDUyMDIyMDIyNTEyMTExMDAyMTYwMjE2MDAuNjM=,37980,2022-02-25T12:11:29Z,0,,3131
125,1,2,14,1,11,2,0000,0C52,4.8,23,869154040242906,f99883d,0,-69,-84,26,21401,00000,N,41.644452,W,0.761956,2022-02-25T12:11:10Z,205,2,17,0.61,MTI1MDAxMjAxNDAwMDExMTAyMDAwMDBDNTI0ODAyMzg2OTE1NDA0MDI0MjkwNmY5OTg4M2QwIC02OSAtODQgIDI2IDIxNDAxMDAwMDBONDEuNjQ0NDUyVzAwMC43NjE5NTYyMDIyMDIyNTEyMTExMDAyMDUwMjE3MDAuNjE=,37981,2022-02-25T12:11:29Z,0,,3154
125,1,2,14,1,11,2,0000,0C5E,5.1,23,869154040103934,f99883d,0,-66,-80,26,21401,00000,N,41.644487,W,0.761988,2022-02-25T12:11:05Z,209,2,17,0.6,MTI1MDAxMjAxNDAwMDExMTAyMDAwMDBDNUU1MTAyMzg2OTE1NDA0MDEwMzkzNGY5OTg4M2QwIC02NiAtODAgIDI2IDIxNDAxMDAwMDBONDEuNjQ0NDg3VzAwMC43NjE5ODgyMDIyMDIyNTEyMTEwNTAyMDkwMjE3MDAuNjA=,37979,2022-02-25T12:11:28Z,0,,3166
125,1,2,14,1,11,2,0000,0C3E,5.4,23,869154040082468,f99883d,0,-67,-82,27,21401,00000,N,41.644442,W,0.761998,2022-02-25T12:11:05Z,204,1,18,0.58,MTI1MDAxMjAxNDAwMDExMTAyMDAwMDBDM0U1NDAyMzg2OTE1NDA0MDA4MjQ2OGY5OTg4M2QwIC02NyAtODIgIDI3IDIxNDAxMDAwMDBONDEuNjQ0NDQyVzAwMC43NjE5OTgyMDIyMDIyNTEyMTEwNTAyMDQwMTE4MDAuNTg=,37978,2022-02-25T12:11:27Z,0,,3134
125,1,1,13,1,11,2,0000,0C56,4.7,22,869154040236601,f98683d,0,-70,-84,26,21401,00000,N,41.644517,W,0.762029,2022-02-25T12:09:46Z,211,2,17,0.6,MTI1MDAxMTAxMzAwMDExMTAyMDAwMDBDNTY0NzAyMjg2OTE1NDA0MDIzNjYwMWY5ODY4M2QwIC03MCAtODQgIDI2IDIxNDAxMDAwMDBONDEuNjQ0NTE3VzAwMC43NjIwMjkyMDIyMDIyNTEyMDk0NTAyMTEwMjE3MDAuNjA=,37988,2022-02-25T12:11:11Z,0,,3158
125,1,1,13,1,11,2,0000,0C3C,5.5,22,869154040242534,f98683d,0,-66,-80,23,21401,00000,N,41.644461,W,0.762087,2022-02-25T12:09:42Z,221,2,17,0.61,MTI1MDAxMTAxMzAwMDExMTAyMDAwMDBDM0M1NTAyMjg2OTE1NDA0MDI0MjUzNGY5ODY4M2QwIC02NiAtODAgIDIzIDIxNDAxMDAwMDBONDEuNjQ0NDYxVzAwMC43NjIwODcyMDIyMDIyNTEyMDk0MTAyMjEwMjE3MDAuNjE=,37985,2022-02-25T12:11:07Z,0,,3132
77,1,1,13,1,11,2,0000,0C48,4.5,22,869154040150836,f98683d,0,-72,-87,22,21401,00000,,0,,0,,0,0,0,0,MDc3MDAxMTAxMzAwMDExMTAyMDAwMDBDNDg0NTAyMjg2OTE1NDA0MDE1MDgzNmY5ODY4M2QwIC03MiAtODcgIDIyIDIxNDAxMDAwMDA=,37986,2022-02-25T12:11:07Z,0,,3144
125,1,1,13,1,11,2,0000,0C43,4.8,22,869154040089430,f98683d,0,-69,-86,16,21401,00000,N,41.644437,W,0.762014,2022-02-25T12:09:41Z,205,1,18,0.58,MTI1MDAxMTAxMzAwMDExMTAyMDAwMDBDNDM0ODAyMjg2OTE1NDA0MDA4OTQzMGY5ODY4M2QxIC02OSAtODYgIDE2IDIxNDAxMDAwMDBONDEuNjQ0NDM3VzAwMC43NjIwMTQyMDIyMDIyNTEyMDk0MTAyMDUwMTE4MDAuNTg=,37987,2022-02-25T12:11:07Z,0,,3139
125,1,1,13,1,11,2,0000,0C3D,5.1,22,869154040119146,f98683d,0,-67,-81,19,21401,00000,N,41.64445,W,0.762091,2022-02-25T12:09:41Z,202,1,16,0.6,MTI1MDAxMTAxMzAwMDExMTAyMDAwMDBDM0Q1MTAyMjg2OTE1NDA0MDExOTE0NmY5ODY4M2QwIC02NyAtODEgIDE5IDIxNDAxMDAwMDBONDEuNjQ0NDUwVzAwMC43NjIwOTEyMDIyMDIyNTEyMDk0MTAyMDIwMTE2MDAuNjA=,37989,2022-02-25T12:11:06Z,0,,3133
125,1,1,13,1,11,2,0000,0C42,5.4,22,869154040239290,f98683d,0,-66,-80,23,21401,00000,N,41.6444,W,0.762051,2022-02-25T12:09:37Z,205,2,15,0.65,MTI1MDAxMTAxMzAwMDExMTAyMDAwMDBDNDI1NDAyMjg2OTE1NDA0MDIzOTI5MGY5ODY4M2QwIC02NiAtODAgIDIzIDIxNDAxMDAwMDBONDEuNjQ0NDAwVzAwMC43NjIwNTEyMDIyMDIyNTEyMDkzNjAyMDUwMjE1MDAuNjU=,37984,2022-02-25T12:11:02Z,0,,3138
125,1,1,13,1,11,2,0000,0C54,4.8,22,869154040144540,f99883d,0,-70,-83,24,21401,00000,N,41.644513,W,0.762031,2022-02-25T12:09:36Z,208,2,16,0.66,MTI1MDAxMTAxMzAwMDExMTAyMDAwMDBDNTQ0ODAyMjg2OTE1NDA0MDE0NDU0MGY5OTg4M2QwIC03MCAtODMgIDI0IDIxNDAxMDAwMDBONDEuNjQ0NTEzVzAwMC43NjIwMzEyMDIyMDIyNTEyMDkzNTAyMDgwMjE2MDAuNjY=,37982,2022-02-25T12:11:01Z,0,,3156
125,1,1,13,1,11,2,0000,0C51,5.2,22,869154040231404,f99883d,0,-66,-79,22,21401,00000,N,41.64446,W,0.761997,2022-02-25T12:07:55Z,214,2,17,0.61,MTI1MDAxMTAxMzAwMDExMTAyMDAwMDBDNTE1MjAyMjg2OTE1NDA0MDIzMTQwNGY5OTg4M2QwIC02NiAtNzkgIDIyIDIxNDAxMDAwMDBONDEuNjQ0NDYwVzAwMC43NjE5OTcyMDIyMDIyNTEyMDc1NDAyMTQwMjE3MDAuNjE=,37983,2022-02-25T12:11:01Z,0,,3153
125,1,1,13,1,11,2,0000,0C52,5.5,22,869154040242906,f99883d,0,-70,-85,25,21401,00000,N,41.64448,W,0.76199,2022-02-25T12:09:31Z,206,2,17,0.61,MTI1MDAxMTAxMzAwMDExMTAyMDAwMDBDNTI1NTAyMjg2OTE1NDA0MDI0MjkwNmY5OTg4M2QwIC03MCAtODUgIDI1IDIxNDAxMDAwMDBONDEuNjQ0NDgwVzAwMC43NjE5OTAyMDIyMDIyNTEyMDkzMDAyMDYwMjE3MDAuNjE=,37981,2022-02-25T12:10:56Z,0,,3154
125,1,1,13,1,11,2,0000,0C3B,5.1,22,869154040260940,f99883d,0,-68,-83,24,21401,00000,N,41.644481,W,0.762005,2022-02-25T12:09:30Z,216,2,16,0.63,MTI1MDAxMTAxMzAwMDExMTAyMDAwMDBDM0I1MTAyMjg2OTE1NDA0MDI2MDk0MGY5OTg4M2QwIC02OCAtODMgIDI0IDIxNDAxMDAwMDBONDEuNjQ0NDgxVzAwMC43NjIwMDUyMDIyMDIyNTEyMDkyOTAyMTYwMjE2MDAuNjM=,37980,2022-02-25T12:10:55Z,0,,3131
125,1,1,13,1,11,2,0000,0C3E,5.4,22,869154040082468,f99883d,0,-67,-82,27,21401,00000,N,41.644442,W,0.761998,2022-02-25T12:09:24Z,204,1,18,0.58,MTI1MDAxMTAxMzAwMDExMTAyMDAwMDBDM0U1NDAyMjg2OTE1NDA0MDA4MjQ2OGY5OTg4M2QwIC02NyAtODIgIDI3IDIxNDAxMDAwMDBONDEuNjQ0NDQyVzAwMC43NjE5OTgyMDIyMDIyNTEyMDkyNDAyMDQwMTE4MDAuNTg=,37978,2022-02-25T12:10:50Z,0,,3134
125,1,1,13,1,11,2,0000,0C5E,4.5,22,869154040103934,f99883d,0,-66,-80,26,21401,00000,N,41.644487,W,0.761988,2022-02-25T12:09:25Z,209,2,17,0.6,MTI1MDAxMTAxMzAwMDExMTAyMDAwMDBDNUU0NTAyMjg2OTE1NDA0MDEwMzkzNGY5OTg4M2QwIC02NiAtODAgIDI2IDIxNDAxMDAwMDBONDEuNjQ0NDg3VzAwMC43NjE5ODgyMDIyMDIyNTEyMDkyNTAyMDkwMjE3MDAuNjA=,37979,2022-02-25T12:10:50Z,0,,3166
125,1,1,12,1,11,2,0000,0C56,4.8,20,869154040236601,f98683d,0,-70,-84,27,21401,00000,N,41.644517,W,0.762029,2022-02-25T12:08:05Z,211,2,17,0.6,MTI1MDAxMTAxMjAwMDExMTAyMDAwMDBDNTY0ODAyMDg2OTE1NDA0MDIzNjYwMWY5ODY4M2QwIC03MCAtODQgIDI3IDIxNDAxMDAwMDBONDEuNjQ0NTE3VzAwMC43NjIwMjkyMDIyMDIyNTEyMDgwNTAyMTEwMjE3MDAuNjA=,37988,2022-02-25T12:09:30Z,0,,3158
77,1,1,12,1,11,2,0000,0C48,4.5,20,869154040150836,f98683d,0,-72,-87,23,21401,00000,,0,,0,,0,0,0,0,MDc3MDAxMTAxMjAwMDExMTAyMDAwMDBDNDg0NTAyMDg2OTE1NDA0MDE1MDgzNmY5ODY4M2QwIC03MiAtODcgIDIzIDIxNDAxMDAwMDA=,37986,2022-02-25T12:09:27Z,0,,3144
125,1,1,12,1,11,2,0000,0C43,5.5,20,869154040089430,f98683d,0,-69,-86,15,21401,00000,N,41.644437,W,0.762014,2022-02-25T12:08:02Z,205,1,18,0.58,MTI1MDAxMTAxMjAwMDExMTAyMDAwMDBDNDM1NTAyMDg2OTE1NDA0MDA4OTQzMGY5ODY4M2QxIC02OSAtODYgIDE1IDIxNDAxMDAwMDBONDEuNjQ0NDM3VzAwMC43NjIwMTQyMDIyMDIyNTEyMDgwMTAyMDUwMTE4MDAuNTg=,37987,2022-02-25T12:09:27Z,0,,3139
125,1,1,12,1,11,2,0000,0C3C,5.5,20,869154040242534,f98683d,0,-66,-80,23,21401,00000,N,41.644461,W,0.762087,2022-02-25T12:08:02Z,221,2,17,0.61,MTI1MDAxMTAxMjAwMDExMTAyMDAwMDBDM0M1NTAyMDg2OTE1NDA0MDI0MjUzNGY5ODY4M2QwIC02NiAtODAgIDIzIDIxNDAxMDAwMDBONDEuNjQ0NDYxVzAwMC43NjIwODcyMDIyMDIyNTEyMDgwMTAyMjEwMjE3MDAuNjE=,37985,2022-02-25T12:09:26Z,0,,3132
125,1,1,12,1,11,2,0000,0C42,5.5,20,869154040239290,f98683d,0,-66,-80,24,21401,00000,N,41.644422,W,0.762005,2022-02-25T12:07:55Z,202,2,16,0.65,MTI1MDAxMTAxMjAwMDExMTAyMDAwMDBDNDI1NTAyMDg2OTE1NDA0MDIzOTI5MGY5ODY4M2QwIC02NiAtODAgIDI0IDIxNDAxMDAwMDBONDEuNjQ0NDIyVzAwMC43NjIwMDUyMDIyMDIyNTEyMDc1NTAyMDIwMjE2MDAuNjU=,37984,2022-02-25T12:09:21Z,0,,3138
125,1,1,12,1,11,2,0000,0C54,5.5,20,869154040144540,f99883d,0,-68,-82,24,21401,00000,N,41.644493,W,0.761989,2022-02-25T12:07:54Z,206,2,17,0.61,MTI1MDAxMTAxMjAwMDExMTAyMDAwMDBDNTQ1NTAyMDg2OTE1NDA0MDE0NDU0MGY5OTg4M2QwIC02OCAtODIgIDI0IDIxNDAxMDAwMDBONDEuNjQ0NDkzVzAwMC43NjE5ODkyMDIyMDIyNTEyMDc1NDAyMDYwMjE3MDAuNjE=,37982,2022-02-25T12:09:20Z,0,,3156
125,1,1,12,1,11,2,0000,0C51,5.2,20,869154040231404,f99883d,0,-66,-79,23,21401,00000,N,41.64446,W,0.761997,2022-02-25T12:07:54Z,214,2,17,0.61,MTI1MDAxMTAxMjAwMDExMTAyMDAwMDBDNTE1MjAyMDg2OTE1NDA0MDIzMTQwNGY5OTg4M2QwIC02NiAtNzkgIDIzIDIxNDAxMDAwMDBONDEuNjQ0NDYwVzAwMC43NjE5OTcyMDIyMDIyNTEyMDc1NDAyMTQwMjE3MDAuNjE=,37983,2022-02-25T12:09:20Z,0,,3153
125,1,1,12,1,11,2,0000,0C52,5.5,20,869154040242906,f99883d,0,-70,-84,27,21401,00000,N,41.64448,W,0.762002,2022-02-25T12:07:49Z,206,2,18,0.61,MTI1MDAxMTAxMjAwMDExMTAyMDAwMDBDNTI1NTAyMDg2OTE1NDA0MDI0MjkwNmY5OTg4M2QwIC03MCAtODQgIDI3IDIxNDAxMDAwMDBONDEuNjQ0NDgwVzAwMC43NjIwMDIyMDIyMDIyNTEyMDc0OTAyMDYwMjE4MDAuNjE=,37981,2022-02-25T12:09:15Z,0,,3154
125,1,1,12,1,11,2,0000,0C3B,5.1,20,869154040260940,f99883d,0,-68,-83,24,21401,00000,N,41.644481,W,0.762005,2022-02-25T12:07:49Z,216,2,16,0.63,MTI1MDAxMTAxMjAwMDExMTAyMDAwMDBDM0I1MTAyMDg2OTE1NDA0MDI2MDk0MGY5OTg4M2QwIC02OCAtODMgIDI0IDIxNDAxMDAwMDBONDEuNjQ0NDgxVzAwMC43NjIwMDUyMDIyMDIyNTEyMDc0OTAyMTYwMjE2MDAuNjM=,37980,2022-02-25T12:09:14Z,0,,3131
125,1,1,12,1,11,2,0000,0C5E,5.2,20,869154040103934,f99883d,0,-66,-79,27,21401,00000,N,41.644487,W,0.761988,2022-02-25T12:07:45Z,209,2,17,0.6,MTI1MDAxMTAxMjAwMDExMTAyMDAwMDBDNUU1MjAyMDg2OTE1NDA0MDEwMzkzNGY5OTg4M2QwIC02NiAtNzkgIDI3IDIxNDAxMDAwMDBONDEuNjQ0NDg3VzAwMC43NjE5ODgyMDIyMDIyNTEyMDc0NDAyMDkwMjE3MDAuNjA=,37979,2022-02-25T12:09:10Z,0,,3166
125,1,1,12,1,11,2,0000,0C3E,5.4,20,869154040082468,f99883d,0,-68,-83,27,21401,00000,N,41.644442,W,0.761998,2022-02-25T12:07:44Z,204,1,18,0.58,MTI1MDAxMTAxMjAwMDExMTAyMDAwMDBDM0U1NDAyMDg2OTE1NDA0MDA4MjQ2OGY5OTg4M2QwIC02OCAtODMgIDI3IDIxNDAxMDAwMDBONDEuNjQ0NDQyVzAwMC43NjE5OTgyMDIyMDIyNTEyMDc0NDAyMDQwMTE4MDAuNTg=,37978,2022-02-25T12:09:09Z,0,,3134
125,1,1,11,1,11,2,0000,0C56,4.8,19,869154040236601,f98683d,0,-70,-83,26,21401,00000,N,41.644517,W,0.762029,2022-02-25T12:06:24Z,211,2,17,0.6,MTI1MDAxMTAxMTAwMDExMTAyMDAwMDBDNTY0ODAxOTg2OTE1NDA0MDIzNjYwMWY5ODY4M2QwIC03MCAtODMgIDI2IDIxNDAxMDAwMDBONDEuNjQ0NTE3VzAwMC43NjIwMjkyMDIyMDIyNTEyMDYyMzAyMTEwMjE3MDAuNjA=,37988,2022-02-25T12:07:50Z,0,,3158
77,1,1,11,1,11,2,0000,0C48,5.1,19,869154040150836,f98683d,0,-72,-87,23,21401,00000,,0,,0,,0,0,0,0,MDc3MDAxMTAxMTAwMDExMTAyMDAwMDBDNDg1MTAxOTg2OTE1NDA0MDE1MDgzNmY5ODY4M2QwIC03MiAtODcgIDIzIDIxNDAxMDAwMDA=,37986,2022-02-25T12:07:46Z,0,,3144
125,1,1,11,1,11,2,0000,0C3C,5.5,19,869154040242534,f98683d,0,-67,-80,24,21401,00000,N,41.644461,W,0.762087,2022-02-25T12:06:20Z,221,2,17,0.61,MTI1MDAxMTAxMTAwMDExMTAyMDAwMDBDM0M1NTAxOTg2OTE1NDA0MDI0MjUzNGY5ODY4M2QwIC02NyAtODAgIDI0IDIxNDAxMDAwMDBONDEuNjQ0NDYxVzAwMC43NjIwODcyMDIyMDIyNTEyMDYxOTAyMjEwMjE3MDAuNjE=,37985,2022-02-25T12:07:46Z,0,,3132
125,1,1,11,1,11,2,0000,0C43,5.5,19,869154040089430,f98683d,0,-69,-86,15,21401,00000,N,41.644437,W,0.762014,2022-02-25T12:06:22Z,205,1,18,0.58,MTI1MDAxMTAxMTAwMDExMTAyMDAwMDBDNDM1NTAxOTg2OTE1NDA0MDA4OTQzMGY5ODY4M2QxIC02OSAtODYgIDE1IDIxNDAxMDAwMDBONDEuNjQ0NDM3VzAwMC43NjIwMTQyMDIyMDIyNTEyMDYyMjAyMDUwMTE4MDAuNTg=,37987,2022-02-25T12:07:46Z,0,,3139
125,1,1,11,1,11,2,0000,0C3D,5.2,19,869154040119146,f98683d,0,-68,-82,20,21401,00000,N,41.64445,W,0.762091,2022-02-25T12:06:20Z,202,1,16,0.6,MTI1MDAxMTAxMTAwMDExMTAyMDAwMDBDM0Q1MjAxOTg2OTE1NDA0MDExOTE0NmY5ODY4M2QwIC02OCAtODIgIDIwIDIxNDAxMDAwMDBONDEuNjQ0NDUwVzAwMC43NjIwOTEyMDIyMDIyNTEyMDYyMDAyMDIwMTE2MDAuNjA=,37989,2022-02-25T12:07:45Z,0,,3133
125,1,1,11,1,11,2,0000,0C42,5.5,19,869154040239290,f98683d,0,-66,-81,23,21401,00000,N,41.644472,W,0.761998,2022-02-25T12:06:14Z,202,2,17,0.6,MTI1MDAxMTAxMTAwMDExMTAyMDAwMDBDNDI1NTAxOTg2OTE1NDA0MDIzOTI5MGY5ODY4M2QwIC02NiAtODEgIDIzIDIxNDAxMDAwMDBONDEuNjQ0NDcyVzAwMC43NjE5OTgyMDIyMDIyNTEyMDYxNDAyMDIwMjE3MDAuNjA=,37984,2022-02-25T12:07:40Z,0,,3138
125,1,1,11,1,11,2,0000,0C54,5.5,19,869154040144540,f99883d,0,-68,-82,24,21401,00000,N,41.644525,W,0.761972,2022-02-25T12:06:13Z,207,2,17,0.61,MTI1MDAxMTAxMTAwMDExMTAyMDAwMDBDNTQ1NTAxOTg2OTE1NDA0MDE0NDU0MGY5OTg4M2QwIC02OCAtODIgIDI0IDIxNDAxMDAwMDBONDEuNjQ0NTI1VzAwMC43NjE5NzIyMDIyMDIyNTEyMDYxMzAyMDcwMjE3MDAuNjE=,37982,2022-02-25T12:07:39Z,0,,3156
125,1,1,11,1,11,2,0000,0C51,5.2,19,869154040231404,f99883d,0,-65,-80,21,21401,00000,N,41.644452,W,0.762019,2022-02-25T12:06:13Z,217,2,17,0.61,MTI1MDAxMTAxMTAwMDExMTAyMDAwMDBDNTE1MjAxOTg2OTE1NDA0MDIzMTQwNGY5OTg4M2QwIC02NSAtODAgIDIxIDIxNDAxMDAwMDBONDEuNjQ0NDUyVzAwMC43NjIwMTkyMDIyMDIyNTEyMDYxMzAyMTcwMjE3MDAuNjE=,37983,2022-02-25T12:07:39Z,0,,3153
125,1,1,11,1,11,2,0000,0C52,5.5,19,869154040242906,f99883d,0,-71,-85,26,21401,00000,N,41.644475,W,0.761986,2022-02-25T12:06:09Z,207,2,18,0.58,MTI1MDAxMTAxMTAwMDExMTAyMDAwMDBDNTI1NTAxOTg2OTE1NDA0MDI0MjkwNmY5OTg4M2QwIC03MSAtODUgIDI2IDIxNDAxMDAwMDBONDEuNjQ0NDc1VzAwMC43NjE5ODYyMDIyMDIyNTEyMDYwODAyMDcwMjE4MDAuNTg=,37981,2022-02-25T12:07:35Z,0,,3154
125,1,1,11,1,11,2,0000,0C3B,5.1,19,869154040260940,f99883d,0,-68,-83,24,21401,00000,N,41.644481,W,0.762005,2022-02-25T12:06:09Z,216,2,16,0.63,MTI1MDAxMTAxMTAwMDExMTAyMDAwMDBDM0I1MTAxOTg2OTE1NDA0MDI2MDk0MGY5OTg4M2QwIC02OCAtODMgIDI0IDIxNDAxMDAwMDBONDEuNjQ0NDgxVzAwMC43NjIwMDUyMDIyMDIyNTEyMDYwODAyMTYwMjE2MDAuNjM=,37980,2022-02-25T12:07:34Z,0,,3131
125,1,1,11,1,11,2,0000,0C5E,5.2,19,869154040103934,f99883d,0,-67,-80,26,21401,00000,N,41.644487,W,0.761988,2022-02-25T12:06:04Z,209,2,17,0.6,MTI1MDAxMTAxMTAwMDExMTAyMDAwMDBDNUU1MjAxOTg2OTE1NDA0MDEwMzkzNGY5OTg4M2QwIC02NyAtODAgIDI2IDIxNDAxMDAwMDBONDEuNjQ0NDg3VzAwMC43NjE5ODgyMDIyMDIyNTEyMDYwMzAyMDkwMjE3MDAuNjA=,37979,2022-02-25T12:07:29Z,0,,3166
125,1,1,11,1,11,2,0000,0C3E,5.5,19,869154040082468,f99883d,0,-68,-84,27,21401,00000,N,41.644442,W,0.761998,2022-02-25T12:06:04Z,204,1,18,0.58,MTI1MDAxMTAxMTAwMDExMTAyMDAwMDBDM0U1NTAxOTg2OTE1NDA0MDA4MjQ2OGY5OTg4M2QwIC02OCAtODQgIDI3IDIxNDAxMDAwMDBONDEuNjQ0NDQyVzAwMC43NjE5OTgyMDIyMDIyNTEyMDYwMzAyMDQwMTE4MDAuNTg=,37978,2022-02-25T12:07:29Z,0,,3134
125,1,1,10,1,11,2,0000,0C56,4.8,17,869154040236601,f98683d,0,-70,-83,26,21401,00000,N,41.644511,W,0.762033,2022-02-25T12:04:44Z,211,2,17,0.6,MTI1MDAxMTAxMDAwMDExMTAyMDAwMDBDNTY0ODAxNzg2OTE1NDA0MDIzNjYwMWY5ODY4M2QwIC03MCAtODMgIDI2IDIxNDAxMDAwMDBONDEuNjQ0NTExVzAwMC43NjIwMzMyMDIyMDIyNTEyMDQ0MzAyMTEwMjE3MDAuNjA=,37988,2022-02-25T12:06:09Z,0,,3158
125,1,1,10,1,11,2,0000,0C43,5.5,17,869154040089430,f98683d,0,-69,-85,15,21401,00000,N,41.644437,W,0.762014,2022-02-25T12:04:40Z,205,1,18,0.58,MTI1MDAxMTAxMDAwMDExMTAyMDAwMDBDNDM1NTAxNzg2OTE1NDA0MDA4OTQzMGY5ODY4M2QwIC02OSAtODUgIDE1IDIxNDAxMDAwMDBONDEuNjQ0NDM3VzAwMC43NjIwMTQyMDIyMDIyNTEyMDQzOTAyMDUwMTE4MDAuNTg=,37987,2022-02-25T12:06:08Z,0,,3139
77,1,1,10,1,11,2,0000,0C48,5.2,17,869154040150836,f98683d,0,-73,-88,23,21401,00000,,0,,0,,0,0,0,0,MDc3MDAxMTAxMDAwMDExMTAyMDAwMDBDNDg1MjAxNzg2OTE1NDA0MDE1MDgzNmY5ODY4M2QwIC03MyAtODggIDIzIDIxNDAxMDAwMDA=,37986,2022-02-25T12:06:07Z,0,,3144
125,1,1,10,1,11,2,0000,0C3D,5.2,17,869154040119146,f98683d,0,-68,-82,18,21401,00000,N,41.64445,W,0.762091,2022-02-25T12:04:39Z,202,1,16,0.6,MTI1MDAxMTAxMDAwMDExMTAyMDAwMDBDM0Q1MjAxNzg2OTE1NDA0MDExOTE0NmY5ODY4M2QwIC02OCAtODIgIDE4IDIxNDAxMDAwMDBONDEuNjQ0NDUwVzAwMC43NjIwOTEyMDIyMDIyNTEyMDQzODAyMDIwMTE2MDAuNjA=,37989,2022-02-25T12:06:05Z,0,,3133
125,1,1,10,1,11,2,0000,0C3C,5.5,17,869154040242534,f98683d,0,-67,-81,22,21401,00000,N,41.644461,W,0.762087,2022-02-25T12:04:39Z,221,2,17,0.61,MTI1MDAxMTAxMDAwMDExMTAyMDAwMDBDM0M1NTAxNzg2OTE1NDA0MDI0MjUzNGY5ODY4M2QwIC02NyAtODEgIDIyIDIxNDAxMDAwMDBONDEuNjQ0NDYxVzAwMC43NjIwODcyMDIyMDIyNTEyMDQzOTAyMjEwMjE3MDAuNjE=,37985,2022-02-25T12:06:04Z,0,,3132
125,1,1,10,1,11,2,0000,0C42,5.5,17,869154040239290,f98683d,0,-66,-82,23,21401,00000,N,41.644502,W,0.762008,2022-02-25T12:04:34Z,201,2,18,0.57,MTI1MDAxMTAxMDAwMDExMTAyMDAwMDBDNDI1NTAxNzg2OTE1NDA0MDIzOTI5MGY5ODY4M2QwIC02NiAtODIgIDIzIDIxNDAxMDAwMDBONDEuNjQ0NTAyVzAwMC43NjIwMDgyMDIyMDIyNTEyMDQzMzAyMDEwMjE4MDAuNTc=,37984,2022-02-25T12:06:00Z,0,,3138
125,1,1,10,1,11,2,0000,0C54,5.5,17,869154040144540,f99883d,0,-68,-82,24,21401,00000,N,41.644494,W,0.762001,2022-02-25T12:04:34Z,209,2,17,0.61,MTI1MDAxMTAxMDAwMDExMTAyMDAwMDBDNTQ1NTAxNzg2OTE1NDA0MDE0NDU0MGY5OTg4M2QwIC02OCAtODIgIDI0IDIxNDAxMDAwMDBONDEuNjQ0NDk0VzAwMC43NjIwMDEyMDIyMDIyNTEyMDQzMzAyMDkwMjE3MDAuNjE=,37982,2022-02-25T12:05:59Z,0,,3156
125,1,1,10,1,11,2,0000,0C51,5.3,17,869154040231404,f99883d,0,-66,-80,22,21401,00000,N,41.644458,W,0.762003,2022-02-25T12:04:33Z,218,2,16,0.63,MTI1MDAxMTAxMDAwMDExMTAyMDAwMDBDNTE1MzAxNzg2OTE1NDA0MDIzMTQwNGY5OTg4M2QwIC02NiAtODAgIDIyIDIxNDAxMDAwMDBONDEuNjQ0NDU4VzAwMC43NjIwMDMyMDIyMDIyNTEyMDQzMzAyMTgwMjE2MDAuNjM=,37983,2022-02-25T12:05:58Z,0,,3153
125,1,1,10,1,11,2,0000,0C3B,5.2,17,869154040260940,f99883d,0,-68,-83,24,21401,00000,N,41.644481,W,0.762005,2022-02-25T12:04:28Z,216,2,16,0.63,MTI1MDAxMTAxMDAwMDExMTAyMDAwMDBDM0I1MjAxNzg2OTE1NDA0MDI2MDk0MGY5OTg4M2QwIC02OCAtODMgIDI0IDIxNDAxMDAwMDBONDEuNjQ0NDgxVzAwMC43NjIwMDUyMDIyMDIyNTEyMDQyNzAyMTYwMjE2MDAuNjM=,37980,2022-02-25T12:05:53Z,0,,3131
125,1,1,10,1,11,2,0000,0C52,4.9,17,869154040242906,f99883d,0,-70,-84,27,21401,00000,N,41.644465,W,0.761991,2022-02-25T12:04:28Z,209,2,18,0.58,MTI1MDAxMTAxMDAwMDExMTAyMDAwMDBDNTI0OTAxNzg2OTE1NDA0MDI0MjkwNmY5OTg4M2QwIC03MCAtODQgIDI3IDIxNDAxMDAwMDBONDEuNjQ0NDY1VzAwMC43NjE5OTEyMDIyMDIyNTEyMDQyODAyMDkwMjE4MDAuNTg=,37981,2022-02-25T12:05:53Z,0,,3154
125,1,1,10,1,11,2,0000,0C3E,5.5,17,869154040082468,f99883d,0,-69,-84,27,21401,00000,N,41.644442,W,0.761998,2022-02-25T12:04:24Z,204,1,18,0.58,MTI1MDAxMTAxMDAwMDExMTAyMDAwMDBDM0U1NTAxNzg2OTE1NDA0MDA4MjQ2OGY5OTg4M2QwIC02OSAtODQgIDI3IDIxNDAxMDAwMDBONDEuNjQ0NDQyVzAwMC43NjE5OTgyMDIyMDIyNTEyMDQyMzAyMDQwMTE4MDAuNTg=,37978,2022-02-25T12:05:49Z,0,,3134
125,1,1,10,1,11,2,0000,0C5E,5.2,17,869154040103934,f99883d,0,-68,-80,26,21401,00000,N,41.644487,W,0.761988,2022-02-25T12:04:23Z,209,2,17,0.6,MTI1MDAxMTAxMDAwMDExMTAyMDAwMDBDNUU1MjAxNzg2OTE1NDA0MDEwMzkzNGY5OTg4M2QwIC02OCAtODAgIDI2IDIxNDAxMDAwMDBONDEuNjQ0NDg3VzAwMC43NjE5ODgyMDIyMDIyNTEyMDQyMzAyMDkwMjE3MDAuNjA=,37979,2022-02-25T12:05:48Z,0,,3166
125,1,1,9,1,11,2,0000,0C56,4.8,15,869154040236601,f98683d,0,-70,-83,26,21401,00000,N,41.644511,W,0.762033,2022-02-25T12:03:02Z,211,2,17,0.6,MTI1MDAxMTAwOTAwMDExMTAyMDAwMDBDNTY0ODAxNTg2OTE1NDA0MDIzNjYwMWY5ODY4M2QwIC03MCAtODMgIDI2IDIxNDAxMDAwMDBONDEuNjQ0NTExVzAwMC43NjIwMzMyMDIyMDIyNTEyMDMwMjAyMTEwMjE3MDAuNjA=,37988,2022-02-25T12:04:28Z,0,,3158
125,1,1,9,1,11,2,0000,0C43,5.6,15,869154040089430,f98683d,0,-69,-85,16,21401,00000,N,41.644437,W,0.762014,2022-02-25T12:02:59Z,205,1,18,0.58,MTI1MDAxMTAwOTAwMDExMTAyMDAwMDBDNDM1NjAxNTg2OTE1NDA0MDA4OTQzMGY5ODY4M2QxIC02OSAtODUgIDE2IDIxNDAxMDAwMDBONDEuNjQ0NDM3VzAwMC43NjIwMTQyMDIyMDIyNTEyMDI1ODAyMDUwMTE4MDAuNTg=,37987,2022-02-25T12:04:25Z,0,,3139
125,1,1,9,1,11,2,0000,0C3D,5.2,15,869154040119146,f98683d,0,-68,-82,19,21401,00000,N,41.64445,W,0.762091,2022-02-25T12:02:59Z,202,1,16,0.6,MTI1MDAxMTAwOTAwMDExMTAyMDAwMDBDM0Q1MjAxNTg2OTE1NDA0MDExOTE0NmY5ODY4M2QwIC02OCAtODIgIDE5IDIxNDAxMDAwMDBONDEuNjQ0NDUwVzAwMC43NjIwOTEyMDIyMDIyNTEyMDI1ODAyMDIwMTE2MDAuNjA=,37989,2022-02-25T12:04:24Z,0,,3133
125,1,1,9,1,11,2,0000,0C3C,5.6,15,869154040242534,f98683d,0,-67,-81,22,21401,00000,N,41.644461,W,0.762087,2022-02-25T12:02:59Z,221,2,17,0.61,MTI1MDAxMTAwOTAwMDExMTAyMDAwMDBDM0M1NjAxNTg2OTE1NDA0MDI0MjUzNGY5ODY4M2QwIC02NyAtODEgIDIyIDIxNDAxMDAwMDBONDEuNjQ0NDYxVzAwMC43NjIwODcyMDIyMDIyNTEyMDI1ODAyMjEwMjE3MDAuNjE=,37985,2022-02-25T12:04:24Z,0,,3132
77,1,1,9,1,11,2,0000,0C48,5.2,15,869154040150836,f98683d,0,-72,-88,22,21401,00000,,0,,0,,0,0,0,0,MDc3MDAxMTAwOTAwMDExMTAyMDAwMDBDNDg1MjAxNTg2OTE1NDA0MDE1MDgzNmY5ODY4M2QwIC03MiAtODggIDIyIDIxNDAxMDAwMDA=,37986,2022-02-25T12:04:24Z,0,,3144
125,1,1,9,1,11,2,0000,0C42,4.8,15,869154040239290,f98683d,0,-67,-82,23,21401,00000,N,41.64449,W,0.761997,2022-02-25T12:02:54Z,203,2,17,0.6,MTI1MDAxMTAwOTAwMDExMTAyMDAwMDBDNDI0ODAxNTg2OTE1NDA0MDIzOTI5MGY5ODY4M2QwIC02NyAtODIgIDIzIDIxNDAxMDAwMDBONDEuNjQ0NDkwVzAwMC43NjE5OTcyMDIyMDIyNTEyMDI1MzAyMDMwMjE3MDAuNjA=,37984,2022-02-25T12:04:19Z,0,,3138
125,1,1,9,1,11,2,0000,0C54,5.6,15,869154040144540,f99883d,0,-68,-82,25,21401,00000,N,41.644482,W,0.762032,2022-02-25T12:02:52Z,211,2,17,0.61,MTI1MDAxMTAwOTAwMDExMTAyMDAwMDBDNTQ1NjAxNTg2OTE1NDA0MDE0NDU0MGY5OTg4M2QwIC02OCAtODIgIDI1IDIxNDAxMDAwMDBONDEuNjQ0NDgyVzAwMC43NjIwMzIyMDIyMDIyNTEyMDI1MjAyMTEwMjE3MDAuNjE=,37982,2022-02-25T12:04:18Z,0,,3156
125,1,1,9,1,11,2,0000,0C51,5.3,15,869154040231404,f99883d,0,-66,-79,24,21401,00000,N,41.644446,W,0.762004,2022-02-25T12:02:52Z,219,2,17,0.61,MTI1MDAxMTAwOTAwMDExMTAyMDAwMDBDNTE1MzAxNTg2OTE1NDA0MDIzMTQwNGY5OTg4M2QwIC02NiAtNzkgIDI0IDIxNDAxMDAwMDBONDEuNjQ0NDQ2VzAwMC43NjIwMDQyMDIyMDIyNTEyMDI1MjAyMTkwMjE3MDAuNjE=,37983,2022-02-25T12:04:18Z,0,,3153
125,1,1,9,1,11,2,0000,0C52,5.6,15,869154040242906,f99883d,0,-71,-84,25,21401,00000,N,41.644487,W,0.761989,2022-02-25T12:02:48Z,210,2,18,0.58,MTI1MDAxMTAwOTAwMDExMTAyMDAwMDBDNTI1NjAxNTg2OTE1NDA0MDI0MjkwNmY5OTg4M2QwIC03MSAtODQgIDI1IDIxNDAxMDAwMDBONDEuNjQ0NDg3VzAwMC43NjE5ODkyMDIyMDIyNTEyMDI0NzAyMTAwMjE4MDAuNTg=,37981,2022-02-25T12:04:14Z,0,,3154
125,1,1,9,1,11,2,0000,0C3B,5.2,15,869154040260940,f99883d,0,-68,-83,25,21401,00000,N,41.644481,W,0.762005,2022-02-25T12:02:46Z,216,2,16,0.63,MTI1MDAxMTAwOTAwMDExMTAyMDAwMDBDM0I1MjAxNTg2OTE1NDA0MDI2MDk0MGY5OTg4M2QwIC02OCAtODMgIDI1IDIxNDAxMDAwMDBONDEuNjQ0NDgxVzAwMC43NjIwMDUyMDIyMDIyNTEyMDI0NjAyMTYwMjE2MDAuNjM=,37980,2022-02-25T12:04:12Z,0,,3131
125,1,1,9,1,11,2,0000,0C5E,5.2,15,869154040103934,f99883d,0,-68,-80,27,21401,00000,N,41.644487,W,0.761988,2022-02-25T12:02:43Z,209,2,17,0.6,MTI1MDAxMTAwOTAwMDExMTAyMDAwMDBDNUU1MjAxNTg2OTE1NDA0MDEwMzkzNGY5OTg4M2QwIC02OCAtODAgIDI3IDIxNDAxMDAwMDBONDEuNjQ0NDg3VzAwMC43NjE5ODgyMDIyMDIyNTEyMDI0MjAyMDkwMjE3MDAuNjA=,37979,2022-02-25T12:04:08Z,0,,3166
125,1,1,9,1,11,2,0000,0C3E,5.5,15,869154040082468,f99883d,0,-69,-83,26,21401,00000,N,41.644442,W,0.761998,2022-02-25T12:02:42Z,204,1,18,0.58,MTI1MDAxMTAwOTAwMDExMTAyMDAwMDBDM0U1NTAxNTg2OTE1NDA0MDA4MjQ2OGY5OTg4M2QwIC02OSAtODMgIDI2IDIxNDAxMDAwMDBONDEuNjQ0NDQyVzAwMC43NjE5OTgyMDIyMDIyNTEyMDI0MTAyMDQwMTE4MDAuNTg=,37978,2022-02-25T12:04:08Z,0,,3134
125,1,1,8,1,11,2,0000,0C56,4.8,14,869154040236601,f98683d,0,-70,-83,26,21401,00000,N,41.644511,W,0.762033,2022-02-25T12:01:21Z,211,2,17,0.6,MTI1MDAxMTAwODAwMDExMTAyMDAwMDBDNTY0ODAxNDg2OTE1NDA0MDIzNjYwMWY5ODY4M2QwIC03MCAtODMgIDI2IDIxNDAxMDAwMDBONDEuNjQ0NTExVzAwMC43NjIwMzMyMDIyMDIyNTEyMDEyMTAyMTEwMjE3MDAuNjA=,37988,2022-02-25T12:02:47Z,0,,3158
125,1,1,8,1,11,2,0000,0C43,5.6,14,869154040089430,f98683d,0,-70,-86,16,21401,00000,N,41.644437,W,0.762014,2022-02-25T12:01:19Z,205,1,18,0.58,MTI1MDAxMTAwODAwMDExMTAyMDAwMDBDNDM1NjAxNDg2OTE1NDA0MDA4OTQzMGY5ODY4M2QxIC03MCAtODYgIDE2IDIxNDAxMDAwMDBONDEuNjQ0NDM3VzAwMC43NjIwMTQyMDIyMDIyNTEyMDExODAyMDUwMTE4MDAuNTg=,37987,2022-02-25T12:02:44Z,0,,3139
77,1,1,8,1,11,2,0000,0C48,5.2,13,869154040150836,f98683d,0,-73,-88,22,21401,00000,,0,,0,,0,0,0,0,MDc3MDAxMTAwODAwMDExMTAyMDAwMDBDNDg1MjAxMzg2OTE1NDA0MDE1MDgzNmY5ODY4M2QwIC03MyAtODggIDIyIDIxNDAxMDAwMDA=,37986,2022-02-25T12:02:44Z,0,,3144
125,1,1,8,1,11,2,0000,0C3D,4.6,14,869154040119146,f98683d,0,-68,-82,20,21401,00000,N,41.64445,W,0.762091,2022-02-25T12:01:17Z,202,1,16,0.6,MTI1MDAxMTAwODAwMDExMTAyMDAwMDBDM0Q0NjAxNDg2OTE1NDA0MDExOTE0NmY5ODY4M2QwIC02OCAtODIgIDIwIDIxNDAxMDAwMDBONDEuNjQ0NDUwVzAwMC43NjIwOTEyMDIyMDIyNTEyMDExNzAyMDIwMTE2MDAuNjA=,37989,2022-02-25T12:02:43Z,0,,3133
125,1,1,8,1,11,2,0000,0C3C,5.6,14,869154040242534,f98683d,0,-67,-81,22,21401,00000,N,41.644461,W,0.762087,2022-02-25T12:01:17Z,221,2,17,0.61,MTI1MDAxMTAwODAwMDExMTAyMDAwMDBDM0M1NjAxNDg2OTE1NDA0MDI0MjUzNGY5ODY4M2QwIC02NyAtODEgIDIyIDIxNDAxMDAwMDBONDEuNjQ0NDYxVzAwMC43NjIwODcyMDIyMDIyNTEyMDExNzAyMjEwMjE3MDAuNjE=,37985,2022-02-25T12:02:43Z,0,,3132
125,1,1,8,1,11,2,0000,0C42,5.6,14,869154040239290,f98683d,0,-67,-82,23,21401,00000,N,41.644463,W,0.762041,2022-02-25T12:01:12Z,203,2,16,0.63,MTI1MDAxMTAwODAwMDExMTAyMDAwMDBDNDI1NjAxNDg2OTE1NDA0MDIzOTI5MGY5ODY4M2QwIC02NyAtODIgIDIzIDIxNDAxMDAwMDBONDEuNjQ0NDYzVzAwMC43NjIwNDEyMDIyMDIyNTEyMDExMjAyMDMwMjE2MDAuNjM=,37984,2022-02-25T12:02:38Z,0,,3138
125,1,1,8,1,11,2,0000,0C54,5.6,14,869154040144540,f99883d,0,-68,-82,25,21401,00000,N,41.644492,W,0.762026,2022-02-25T12:01:12Z,211,2,17,0.61,MTI1MDAxMTAwODAwMDExMTAyMDAwMDBDNTQ1NjAxNDg2OTE1NDA0MDE0NDU0MGY5OTg4M2QwIC02OCAtODIgIDI1IDIxNDAxMDAwMDBONDEuNjQ0NDkyVzAwMC43NjIwMjYyMDIyMDIyNTEyMDExMTAyMTEwMjE3MDAuNjE=,37982,2022-02-25T12:02:37Z,0,,3156
125,1,1,8,1,11,2,0000,0C51,4.7,14,869154040231404,f99883d,0,-66,-80,23,21401,00000,N,41.644407,W,0.762018,2022-02-25T12:01:11Z,220,2,17,0.61,MTI1MDAxMTAwODAwMDExMTAyMDAwMDBDNTE0NzAxNDg2OTE1NDA0MDIzMTQwNGY5OTg4M2QwIC02NiAtODAgIDIzIDIxNDAxMDAwMDBONDEuNjQ0NDA3VzAwMC43NjIwMTgyMDIyMDIyNTEyMDExMTAyMjAwMjE3MDAuNjE=,37983,2022-02-25T12:02:37Z,0,,3153
125,1,1,8,1,11,2,0000,0C52,5.6,14,869154040242906,f99883d,0,-70,-84,26,21401,00000,N,41.644478,W,0.761997,2022-02-25T12:01:08Z,212,2,18,0.58,MTI1MDAxMTAwODAwMDExMTAyMDAwMDBDNTI1NjAxNDg2OTE1NDA0MDI0MjkwNmY5OTg4M2QwIC03MCAtODQgIDI2IDIxNDAxMDAwMDBONDEuNjQ0NDc4VzAwMC43NjE5OTcyMDIyMDIyNTEyMDEwNzAyMTIwMjE4MDAuNTg=,37981,2022-02-25T12:02:32Z,0,,3154
125,1,1,8,1,11,2,0000,0C3B,5.2,14,869154040260940,f99883d,0,-69,-82,25,21401,00000,N,41.644481,W,0.762005,2022-02-25T12:01:06Z,216,2,16,0.63,MTI1MDAxMTAwODAwMDExMTAyMDAwMDBDM0I1MjAxNDg2OTE1NDA0MDI2MDk0MGY5OTg4M2QwIC02OSAtODIgIDI1IDIxNDAxMDAwMDBONDEuNjQ0NDgxVzAwMC43NjIwMDUyMDIyMDIyNTEyMDEwNjAyMTYwMjE2MDAuNjM=,37980,2022-02-25T12:02:31Z,0,,3131
125,1,1,8,1,11,2,0000,0C3E,5.5,14,869154040082468,f99883d,0,-69,-83,25,21401,00000,N,41.644442,W,0.761998,2022-02-25T12:01:01Z,204,1,18,0.58,MTI1MDAxMTAwODAwMDExMTAyMDAwMDBDM0U1NTAxNDg2OTE1NDA0MDA4MjQ2OGY5OTg4M2QwIC02OSAtODMgIDI1IDIxNDAxMDAwMDBONDEuNjQ0NDQyVzAwMC43NjE5OTgyMDIyMDIyNTEyMDEwMDAyMDQwMTE4MDAuNTg=,37978,2022-02-25T12:02:27Z,0,,3134
125,1,1,8,1,11,2,0000,0C5E,5.2,14,869154040103934,f99883d,0,-68,-80,26,21401,00000,N,41.644493,W,0.761989,2022-02-25T12:01:02Z,210,2,17,0.6,MTI1MDAxMTAwODAwMDExMTAyMDAwMDBDNUU1MjAxNDg2OTE1NDA0MDEwMzkzNGY5OTg4M2QwIC02OCAtODAgIDI2IDIxNDAxMDAwMDBONDEuNjQ0NDkzVzAwMC43NjE5ODkyMDIyMDIyNTEyMDEwMTAyMTAwMjE3MDAuNjA=,37979,2022-02-25T12:02:27Z,0,,3166
125,1,1,7,1,11,2,0000,0C56,4.8,12,869154040236601,f98683d,0,-70,-83,26,21401,00000,N,41.644511,W,0.762033,2022-02-25T11:59:42Z,211,2,17,0.6,MTI1MDAxMTAwNzAwMDExMTAyMDAwMDBDNTY0ODAxMjg2OTE1NDA0MDIzNjYwMWY5ODY4M2QwIC03MCAtODMgIDI2IDIxNDAxMDAwMDBONDEuNjQ0NTExVzAwMC43NjIwMzMyMDIyMDIyNTExNTk0MTAyMTEwMjE3MDAuNjA=,37988,2022-02-25T12:01:07Z,0,,3158
125,1,1,7,1,11,2,0000,0C3D,4.6,12,869154040119146,f98683d,0,-68,-82,22,21401,00000,N,41.64445,W,0.762091,2022-02-25T11:59:37Z,202,1,16,0.6,MTI1MDAxMTAwNzAwMDExMTAyMDAwMDBDM0Q0NjAxMjg2OTE1NDA0MDExOTE0NmY5ODY4M2QwIC02OCAtODIgIDIyIDIxNDAxMDAwMDBONDEuNjQ0NDUwVzAwMC43NjIwOTEyMDIyMDIyNTExNTkzNjAyMDIwMTE2MDAuNjA=,37989,2022-02-25T12:01:03Z,0,,3133
77,1,1,7,1,11,2,0000,0C48,5.3,12,869154040150836,f98683d,0,-73,-88,21,21401,00000,,0,,0,,0,0,0,0,MDc3MDAxMTAwNzAwMDExMTAyMDAwMDBDNDg1MzAxMjg2OTE1NDA0MDE1MDgzNmY5ODY4M2QwIC03MyAtODggIDIxIDIxNDAxMDAwMDA=,37986,2022-02-25T12:01:03Z,0,,3144
125,1,1,7,1,11,2,0000,0C43,5.6,12,869154040089430,f98683d,0,-69,-85,18,21401,00000,N,41.644437,W,0.762014,2022-02-25T11:59:38Z,205,1,18,0.58,MTI1MDAxMTAwNzAwMDExMTAyMDAwMDBDNDM1NjAxMjg2OTE1NDA0MDA4OTQzMGY5ODY4M2QxIC02OSAtODUgIDE4IDIxNDAxMDAwMDBONDEuNjQ0NDM3VzAwMC43NjIwMTQyMDIyMDIyNTExNTkzNzAyMDUwMTE4MDAuNTg=,37987,2022-02-25T12:01:03Z,0,,3139
125,1,1,7,1,11,2,0000,0C3C,5.6,12,869154040242534,f98683d,0,-67,-80,23,21401,00000,N,41.644461,W,0.762087,2022-02-25T11:59:36Z,221,2,17,0.61,MTI1MDAxMTAwNzAwMDExMTAyMDAwMDBDM0M1NjAxMjg2OTE1NDA0MDI0MjUzNGY5ODY4M2QwIC02NyAtODAgIDIzIDIxNDAxMDAwMDBONDEuNjQ0NDYxVzAwMC43NjIwODcyMDIyMDIyNTExNTkzNjAyMjEwMjE3MDAuNjE=,37985,2022-02-25T12:01:02Z,0,,3132
125,1,1,7,1,11,2,0000,0C54,5.6,12,869154040144540,f99883d,0,-68,-82,24,21401,00000,N,41.644497,W,0.762028,2022-02-25T11:59:32Z,210,2,17,0.61,MTI1MDAxMTAwNzAwMDExMTAyMDAwMDBDNTQ1NjAxMjg2OTE1NDA0MDE0NDU0MGY5OTg4M2QwIC02OCAtODIgIDI0IDIxNDAxMDAwMDBONDEuNjQ0NDk3VzAwMC43NjIwMjgyMDIyMDIyNTExNTkzMTAyMTAwMjE3MDAuNjE=,37982,2022-02-25T12:00:57Z,0,,3156
125,1,1,7,1,11,2,0000,0C51,5.4,12,869154040231404,f99883d,0,-66,-80,23,21401,00000,N,41.644442,W,0.762045,2022-02-25T11:59:32Z,224,2,16,0.63,MTI1MDAxMTAwNzAwMDExMTAyMDAwMDBDNTE1NDAxMjg2OTE1NDA0MDIzMTQwNGY5OTg4M2QwIC02NiAtODAgIDIzIDIxNDAxMDAwMDBONDEuNjQ0NDQyVzAwMC43NjIwNDUyMDIyMDIyNTExNTkzMTAyMjQwMjE2MDAuNjM=,37983,2022-02-25T12:00:57Z,0,,3153
125,1,1,7,1,11,2,0000,0C42,5.6,12,869154040239290,f98683d,0,-67,-82,22,21401,00000,N,41.644466,W,0.762013,2022-02-25T11:59:32Z,202,2,17,0.6,MTI1MDAxMTAwNzAwMDExMTAyMDAwMDBDNDI1NjAxMjg2OTE1NDA0MDIzOTI5MGY5ODY4M2QwIC02NyAtODIgIDIyIDIxNDAxMDAwMDBONDEuNjQ0NDY2VzAwMC43NjIwMTMyMDIyMDIyNTExNTkzMTAyMDIwMjE3MDAuNjA=,37984,2022-02-25T12:00:57Z,0,,3138
125,1,1,7,1,11,2,0000,0C52,4.9,12,869154040242906,f99883d,0,-71,-84,25,21401,00000,N,41.644478,W,0.761997,2022-02-25T11:59:26Z,212,2,18,0.58,MTI1MDAxMTAwNzAwMDExMTAyMDAwMDBDNTI0OTAxMjg2OTE1NDA0MDI0MjkwNmY5OTg4M2QwIC03MSAtODQgIDI1IDIxNDAxMDAwMDBONDEuNjQ0NDc4VzAwMC43NjE5OTcyMDIyMDIyNTExNTkyNTAyMTIwMjE4MDAuNTg=,37981,2022-02-25T12:00:52Z,0,,3154
125,1,1,7,1,11,2,0000,0C3B,5.3,12,869154040260940,f99883d,0,-69,-82,25,21401,00000,N,41.644481,W,0.762005,2022-02-25T11:59:26Z,216,2,16,0.63,MTI1MDAxMTAwNzAwMDExMTAyMDAwMDBDM0I1MzAxMjg2OTE1NDA0MDI2MDk0MGY5OTg4M2QwIC02OSAtODIgIDI1IDIxNDAxMDAwMDBONDEuNjQ0NDgxVzAwMC43NjIwMDUyMDIyMDIyNTExNTkyNTAyMTYwMjE2MDAuNjM=,37980,2022-02-25T12:00:51Z,0,,3131
125,1,1,7,1,11,2,0000,0C3E,4.9,12,869154040082468,f99883d,0,-69,-83,25,21401,00000,N,41.644442,W,0.761998,2022-02-25T11:59:20Z,204,1,18,0.58,MTI1MDAxMTAwNzAwMDExMTAyMDAwMDBDM0U0OTAxMjg2OTE1NDA0MDA4MjQ2OGY5OTg4M2QwIC02OSAtODMgIDI1IDIxNDAxMDAwMDBONDEuNjQ0NDQyVzAwMC43NjE5OTgyMDIyMDIyNTExNTkxOTAyMDQwMTE4MDAuNTg=,37978,2022-02-25T12:00:46Z,0,,3134
125,1,1,7,1,11,2,0000,0C5E,5.3,12,869154040103934,f99883d,0,-68,-81,27,21401,00000,N,41.644493,W,0.761989,2022-02-25T11:59:20Z,210,2,17,0.6,MTI1MDAxMTAwNzAwMDExMTAyMDAwMDBDNUU1MzAxMjg2OTE1NDA0MDEwMzkzNGY5OTg4M2QwIC02OCAtODEgIDI3IDIxNDAxMDAwMDBONDEuNjQ0NDkzVzAwMC43NjE5ODkyMDIyMDIyNTExNTkyMDAyMTAwMjE3MDAuNjA=,37979,2022-02-25T12:00:46Z,0,,3166
125,1,1,6,1,11,2,0000,0C56,4.8,10,869154040236601,f98683d,0,-70,-83,26,21401,00000,N,41.644527,W,0.76204,2022-02-25T11:58:00Z,211,2,17,0.6,MTI1MDAxMTAwNjAwMDExMTAyMDAwMDBDNTY0ODAxMDg2OTE1NDA0MDIzNjYwMWY5ODY4M2QwIC03MCAtODMgIDI2IDIxNDAxMDAwMDBONDEuNjQ0NTI3VzAwMC43NjIwNDAyMDIyMDIyNTExNTgwMDAyMTEwMjE3MDAuNjA=,37988,2022-02-25T11:59:26Z,0,,3158
77,1,1,6,1,11,2,0000,0C48,4.7,10,869154040150836,f98683d,0,-72,-88,21,21401,00000,,0,,0,,0,0,0,0,MDc3MDAxMTAwNjAwMDExMTAyMDAwMDBDNDg0NzAxMDg2OTE1NDA0MDE1MDgzNmY5ODY4M2QwIC03MiAtODggIDIxIDIxNDAxMDAwMDA=,37986,2022-02-25T11:59:24Z,0,,3144
125,1,1,6,1,11,2,0000,0C3D,5.3,10,869154040119146,f98683d,0,-68,-82,22,21401,00000,N,41.64445,W,0.762091,2022-02-25T11:57:58Z,202,1,16,0.6,MTI1MDAxMTAwNjAwMDExMTAyMDAwMDBDM0Q1MzAxMDg2OTE1NDA0MDExOTE0NmY5ODY4M2QwIC02OCAtODIgIDIyIDIxNDAxMDAwMDBONDEuNjQ0NDUwVzAwMC43NjIwOTEyMDIyMDIyNTExNTc1NzAyMDIwMTE2MDAuNjA=,37989,2022-02-25T11:59:22Z,0,,3133
125,1,1,6,1,11,2,0000,0C3C,5.6,10,869154040242534,f98683d,0,-67,-80,23,21401,00000,N,41.644461,W,0.762087,2022-02-25T11:57:56Z,221,2,17,0.61,MTI1MDAxMTAwNjAwMDExMTAyMDAwMDBDM0M1NjAxMDg2OTE1NDA0MDI0MjUzNGY5ODY4M2QwIC02NyAtODAgIDIzIDIxNDAxMDAwMDBONDEuNjQ0NDYxVzAwMC43NjIwODcyMDIyMDIyNTExNTc1NTAyMjEwMjE3MDAuNjE=,37985,2022-02-25T11:59:22Z,0,,3132
125,1,1,6,1,11,2,0000,0C43,5.7,10,869154040089430,f98683d,0,-69,-85,18,21401,00000,N,41.644437,W,0.762014,2022-02-25T11:57:56Z,205,1,18,0.58,MTI1MDAxMTAwNjAwMDExMTAyMDAwMDBDNDM1NzAxMDg2OTE1NDA0MDA4OTQzMGY5ODY4M2QxIC02OSAtODUgIDE4IDIxNDAxMDAwMDBONDEuNjQ0NDM3VzAwMC43NjIwMTQyMDIyMDIyNTExNTc1NTAyMDUwMTE4MDAuNTg=,37987,2022-02-25T11:59:22Z,0,,3139
125,1,1,6,1,11,2,0000,0C54,5.7,10,869154040144540,f99883d,0,-68,-83,23,21401,00000,N,41.644497,W,0.762028,2022-02-25T11:57:50Z,210,2,17,0.61,MTI1MDAxMTAwNjAwMDExMTAyMDAwMDBDNTQ1NzAxMDg2OTE1NDA0MDE0NDU0MGY5OTg4M2QwIC02OCAtODMgIDIzIDIxNDAxMDAwMDBONDEuNjQ0NDk3VzAwMC43NjIwMjgyMDIyMDIyNTExNTc1MDAyMTAwMjE3MDAuNjE=,37982,2022-02-25T11:59:16Z,0,,3156
125,1,1,6,1,11,2,0000,0C51,5.4,10,869154040231404,f99883d,0,-66,-79,25,21401,00000,N,41.644442,W,0.762045,2022-02-25T11:57:50Z,224,2,16,0.63,MTI1MDAxMTAwNjAwMDExMTAyMDAwMDBDNTE1NDAxMDg2OTE1NDA0MDIzMTQwNGY5OTg4M2QwIC02NiAtNzkgIDI1IDIxNDAxMDAwMDBONDEuNjQ0NDQyVzAwMC43NjIwNDUyMDIyMDIyNTExNTc1MDAyMjQwMjE2MDAuNjM=,37983,2022-02-25T11:59:16Z,0,,3153
125,1,1,6,1,11,2,0000,0C42,5.7,10,869154040239290,f98683d,0,-67,-81,23,21401,00000,N,41.644433,W,0.762002,2022-02-25T11:57:51Z,202,2,18,0.57,MTI1MDAxMTAwNjAwMDExMTAyMDAwMDBDNDI1NzAxMDg2OTE1NDA0MDIzOTI5MGY5ODY4M2QwIC02NyAtODEgIDIzIDIxNDAxMDAwMDBONDEuNjQ0NDMzVzAwMC43NjIwMDIyMDIyMDIyNTExNTc1MTAyMDIwMjE4MDAuNTc=,37984,2022-02-25T11:59:16Z,0,,3138
125,1,1,6,1,11,2,0000,0C52,5.7,10,869154040242906,f99883d,0,-70,-83,26,21401,00000,N,41.644473,W,0.762011,2022-02-25T11:57:45Z,213,2,18,0.58,MTI1MDAxMTAwNjAwMDExMTAyMDAwMDBDNTI1NzAxMDg2OTE1NDA0MDI0MjkwNmY5OTg4M2QwIC03MCAtODMgIDI2IDIxNDAxMDAwMDBONDEuNjQ0NDczVzAwMC43NjIwMTEyMDIyMDIyNTExNTc0NTAyMTMwMjE4MDAuNTg=,37981,2022-02-25T11:59:10Z,0,,3154
125,1,1,6,1,11,2,0000,0C3B,5.3,10,869154040260940,f99883d,0,-69,-83,24,21401,00000,N,41.644481,W,0.762005,2022-02-25T11:57:43Z,216,2,16,0.63,MTI1MDAxMTAwNjAwMDExMTAyMDAwMDBDM0I1MzAxMDg2OTE1NDA0MDI2MDk0MGY5OTg4M2QwIC02OSAtODMgIDI0IDIxNDAxMDAwMDBONDEuNjQ0NDgxVzAwMC43NjIwMDUyMDIyMDIyNTExNTc0MzAyMTYwMjE2MDAuNjM=,37980,2022-02-25T11:59:10Z,0,,3131
125,1,1,6,1,11,2,0000,0C3E,5.6,10,869154040082468,f99883d,0,-69,-83,25,21401,00000,N,41.644442,W,0.761998,2022-02-25T11:57:39Z,204,1,18,0.58,MTI1MDAxMTAwNjAwMDExMTAyMDAwMDBDM0U1NjAxMDg2OTE1NDA0MDA4MjQ2OGY5OTg4M2QwIC02OSAtODMgIDI1IDIxNDAxMDAwMDBONDEuNjQ0NDQyVzAwMC43NjE5OTgyMDIyMDIyNTExNTczOTAyMDQwMTE4MDAuNTg=,37978,2022-02-25T11:59:05Z,0,,3134
125,1,1,6,1,11,2,0000,0C5E,5.3,10,869154040103934,f99883d,0,-68,-80,27,21401,00000,N,41.644493,W,0.761989,2022-02-25T11:57:39Z,210,2,17,0.6,MTI1MDAxMTAwNjAwMDExMTAyMDAwMDBDNUU1MzAxMDg2OTE1NDA0MDEwMzkzNGY5OTg4M2QwIC02OCAtODAgIDI3IDIxNDAxMDAwMDBONDEuNjQ0NDkzVzAwMC43NjE5ODkyMDIyMDIyNTExNTczOTAyMTAwMjE3MDAuNjA=,37979,2022-02-25T11:59:05Z,0,,3166
125,1,1,5,1,11,2,0000,0C56,4.8,9,869154040236601,f98683d,0,-70,-83,26,21401,00000,N,41.644527,W,0.76204,2022-02-25T11:56:20Z,211,2,17,0.6,MTI1MDAxMTAwNTAwMDExMTAyMDAwMDBDNTY0ODAwOTg2OTE1NDA0MDIzNjYwMWY5ODY4M2QwIC03MCAtODMgIDI2IDIxNDAxMDAwMDBONDEuNjQ0NTI3VzAwMC43NjIwNDAyMDIyMDIyNTExNTYxOTAyMTEwMjE3MDAuNjA=,37988,2022-02-25T11:57:45Z,0,,3158
125,1,1,5,1,11,2,0000,0C43,5.7,9,869154040089430,f98683d,0,-69,-85,19,21401,00000,N,41.644437,W,0.762014,2022-02-25T11:56:17Z,205,1,18,0.58,MTI1MDAxMTAwNTAwMDExMTAyMDAwMDBDNDM1NzAwOTg2OTE1NDA0MDA4OTQzMGY5ODY4M2QxIC02OSAtODUgIDE5IDIxNDAxMDAwMDBONDEuNjQ0NDM3VzAwMC43NjIwMTQyMDIyMDIyNTExNTYxNjAyMDUwMTE4MDAuNTg=,37987,2022-02-25T11:57:42Z,0,,3139
125,1,1,5,1,11,2,0000,0C3D,5.4,9,869154040119146,f98683d,0,-68,-82,25,21401,00000,N,41.64445,W,0.762091,2022-02-25T11:56:16Z,202,1,16,0.6,MTI1MDAxMTAwNTAwMDExMTAyMDAwMDBDM0Q1NDAwOTg2OTE1NDA0MDExOTE0NmY5ODY4M2QwIC02OCAtODIgIDI1IDIxNDAxMDAwMDBONDEuNjQ0NDUwVzAwMC43NjIwOTEyMDIyMDIyNTExNTYxNTAyMDIwMTE2MDAuNjA=,37989,2022-02-25T11:57:42Z,0,,3133
125,1,1,5,1,11,2,0000,0C3C,5.7,8,869154040242534,f98683d,0,-67,-80,27,21401,00000,N,41.644461,W,0.762087,2022-02-25T11:56:15Z,221,2,17,0.61,MTI1MDAxMTAwNTAwMDExMTAyMDAwMDBDM0M1NzAwODg2OTE1NDA0MDI0MjUzNGY5ODY4M2QwIC02NyAtODAgIDI3IDIxNDAxMDAwMDBONDEuNjQ0NDYxVzAwMC43NjIwODcyMDIyMDIyNTExNTYxNTAyMjEwMjE3MDAuNjE=,37985,2022-02-25T11:57:41Z,0,,3132
77,1,1,5,1,11,2,0000,0C48,5.4,8,869154040150836,f98683d,0,-71,-88,21,21401,00000,,0,,0,,0,0,0,0,MDc3MDAxMTAwNTAwMDExMTAyMDAwMDBDNDg1NDAwODg2OTE1NDA0MDE1MDgzNmY5ODY4M2QwIC03MSAtODggIDIxIDIxNDAxMDAwMDA=,37986,2022-02-25T11:57:41Z,0,,3144
125,1,1,5,1,11,2,0000,0C42,5.7,8,869154040239290,f98683d,0,-68,-81,24,21401,00000,N,41.644443,W,0.762038,2022-02-25T11:56:10Z,202,2,17,0.59,MTI1MDAxMTAwNTAwMDExMTAyMDAwMDBDNDI1NzAwODg2OTE1NDA0MDIzOTI5MGY5ODY4M2QwIC02OCAtODEgIDI0IDIxNDAxMDAwMDBONDEuNjQ0NDQzVzAwMC43NjIwMzgyMDIyMDIyNTExNTYxMDAyMDIwMjE3MDAuNTk=,37984,2022-02-25T11:57:36Z,0,,3138
125,1,1,5,1,11,2,0000,0C54,5,8,869154040144540,f99883d,0,-68,-83,22,21401,00000,N,41.644497,W,0.762028,2022-02-25T11:56:09Z,210,2,17,0.61,MTI1MDAxMTAwNTAwMDExMTAyMDAwMDBDNTQ1MDAwODg2OTE1NDA0MDE0NDU0MGY5OTg4M2QwIC02OCAtODMgIDIyIDIxNDAxMDAwMDBONDEuNjQ0NDk3VzAwMC43NjIwMjgyMDIyMDIyNTExNTYwOTAyMTAwMjE3MDAuNjE=,37982,2022-02-25T11:57:35Z,0,,3156
125,1,1,5,1,11,2,0000,0C51,5.4,9,869154040231404,f99883d,0,-66,-80,24,21401,00000,N,41.644442,W,0.762045,2022-02-25T11:56:09Z,224,2,16,0.63,MTI1MDAxMTAwNTAwMDExMTAyMDAwMDBDNTE1NDAwOTg2OTE1NDA0MDIzMTQwNGY5OTg4M2QwIC02NiAtODAgIDI0IDIxNDAxMDAwMDBONDEuNjQ0NDQyVzAwMC43NjIwNDUyMDIyMDIyNTExNTYwOTAyMjQwMjE2MDAuNjM=,37983,2022-02-25T11:57:35Z,0,,3153
125,1,1,5,1,11,2,0000,0C52,5.8,9,869154040242906,f99883d,0,-70,-83,26,21401,00000,N,41.644473,W,0.762011,2022-02-25T11:56:05Z,213,2,18,0.58,MTI1MDAxMTAwNTAwMDExMTAyMDAwMDBDNTI1ODAwOTg2OTE1NDA0MDI0MjkwNmY5OTg4M2QwIC03MCAtODMgIDI2IDIxNDAxMDAwMDBONDEuNjQ0NDczVzAwMC43NjIwMTEyMDIyMDIyNTExNTYwNDAyMTMwMjE4MDAuNTg=,37981,2022-02-25T11:57:30Z,0,,3154
125,1,1,5,1,11,2,0000,0C3B,5.3,8,869154040260940,f99883d,0,-69,-82,24,21401,00000,N,41.644481,W,0.762005,2022-02-25T11:56:03Z,216,2,16,0.63,MTI1MDAxMTAwNTAwMDExMTAyMDAwMDBDM0I1MzAwODg2OTE1NDA0MDI2MDk0MGY5OTg4M2QwIC02OSAtODIgIDI0IDIxNDAxMDAwMDBONDEuNjQ0NDgxVzAwMC43NjIwMDUyMDIyMDIyNTExNTYwMzAyMTYwMjE2MDAuNjM=,37980,2022-02-25T11:57:29Z,0,,3131
125,1,1,5,1,11,2,0000,0C5E,5.3,8,869154040103934,f99883d,0,-68,-80,27,21401,00000,N,41.644493,W,0.761989,2022-02-25T11:56:00Z,210,2,17,0.6,MTI1MDAxMTAwNTAwMDExMTAyMDAwMDBDNUU1MzAwODg2OTE1NDA0MDEwMzkzNGY5OTg4M2QwIC02OCAtODAgIDI3IDIxNDAxMDAwMDBONDEuNjQ0NDkzVzAwMC43NjE5ODkyMDIyMDIyNTExNTU1OTAyMTAwMjE3MDAuNjA=,37979,2022-02-25T11:57:25Z,0,,3166
125,1,1,5,1,11,2,0000,0C3E,5.6,8,869154040082468,f99883d,0,-69,-83,25,21401,00000,N,41.644442,W,0.761998,2022-02-25T11:55:59Z,204,1,18,0.58,MTI1MDAxMTAwNTAwMDExMTAyMDAwMDBDM0U1NjAwODg2OTE1NDA0MDA4MjQ2OGY5OTg4M2QwIC02OSAtODMgIDI1IDIxNDAxMDAwMDBONDEuNjQ0NDQyVzAwMC43NjE5OTgyMDIyMDIyNTExNTU1ODAyMDQwMTE4MDAuNTg=,37978,2022-02-25T11:57:24Z,0,,3134
125,1,1,4,1,11,2,0000,0C56,4.8,7,869154040236601,f98683d,0,-70,-83,26,21401,00000,N,41.644527,W,0.76204,2022-02-25T11:54:40Z,211,2,17,0.6,MTI1MDAxMTAwNDAwMDExMTAyMDAwMDBDNTY0ODAwNzg2OTE1NDA0MDIzNjYwMWY5ODY4M2QwIC03MCAtODMgIDI2IDIxNDAxMDAwMDBONDEuNjQ0NTI3VzAwMC43NjIwNDAyMDIyMDIyNTExNTQzOTAyMTEwMjE3MDAuNjA=,37988,2022-02-25T11:56:05Z,0,,3158
77,1,1,4,1,11,2,0000,0C48,5.4,7,869154040150836,f98683d,0,-72,-88,22,21401,00000,,0,,0,,0,0,0,0,MDc3MDAxMTAwNDAwMDExMTAyMDAwMDBDNDg1NDAwNzg2OTE1NDA0MDE1MDgzNmY5ODY4M2QwIC03MiAtODggIDIyIDIxNDAxMDAwMDA=,37986,2022-02-25T11:56:01Z,0,,3144
125,1,1,4,1,11,2,0000,0C43,5,7,869154040089430,f98683d,0,-70,-85,20,21401,00000,N,41.644437,W,0.762014,2022-02-25T11:54:36Z,205,1,18,0.58,MTI1MDAxMTAwNDAwMDExMTAyMDAwMDBDNDM1MDAwNzg2OTE1NDA0MDA4OTQzMGY5ODY4M2QxIC03MCAtODUgIDIwIDIxNDAxMDAwMDBONDEuNjQ0NDM3VzAwMC43NjIwMTQyMDIyMDIyNTExNTQzNTAyMDUwMTE4MDAuNTg=,37987,2022-02-25T11:56:01Z,0,,3139
125,1,1,4,1,11,2,0000,0C3D,5.4,7,869154040119146,f98683d,0,-68,-82,24,21401,00000,N,41.64445,W,0.762091,2022-02-25T11:54:34Z,202,1,16,0.6,MTI1MDAxMTAwNDAwMDExMTAyMDAwMDBDM0Q1NDAwNzg2OTE1NDA0MDExOTE0NmY5ODY4M2QwIC02OCAtODIgIDI0IDIxNDAxMDAwMDBONDEuNjQ0NDUwVzAwMC43NjIwOTEyMDIyMDIyNTExNTQzNDAyMDIwMTE2MDAuNjA=,37989,2022-02-25T11:56:00Z,0,,3133
125,1,1,4,1,11,2,0000,0C3C,5.7,7,869154040242534,f98683d,0,-67,-80,27,21401,00000,N,41.644461,W,0.762087,2022-02-25T11:54:34Z,221,2,17,0.61,MTI1MDAxMTAwNDAwMDExMTAyMDAwMDBDM0M1NzAwNzg2OTE1NDA0MDI0MjUzNGY5ODY4M2QwIC02NyAtODAgIDI3IDIxNDAxMDAwMDBONDEuNjQ0NDYxVzAwMC43NjIwODcyMDIyMDIyNTExNTQzNDAyMjEwMjE3MDAuNjE=,37985,2022-02-25T11:56:00Z,0,,3132
125,1,1,4,1,11,2,0000,0C42,5.8,7,869154040239290,f98683d,0,-68,-81,24,21401,00000,N,41.644471,W,0.762029,2022-02-25T11:54:30Z,202,2,16,0.61,MTI1MDAxMTAwNDAwMDExMTAyMDAwMDBDNDI1ODAwNzg2OTE1NDA0MDIzOTI5MGY5ODY4M2QwIC02OCAtODEgIDI0IDIxNDAxMDAwMDBONDEuNjQ0NDcxVzAwMC43NjIwMjkyMDIyMDIyNTExNTQyOTAyMDIwMjE2MDAuNjE=,37984,2022-02-25T11:55:55Z,0,,3138
125,1,1,4,1,11,2,0000,0C51,5.5,7,869154040231404,f99883d,0,-66,-80,24,21401,00000,N,41.644442,W,0.762045,2022-02-25T11:54:29Z,224,2,16,0.63,MTI1MDAxMTAwNDAwMDExMTAyMDAwMDBDNTE1NTAwNzg2OTE1NDA0MDIzMTQwNGY5OTg4M2QwIC02NiAtODAgIDI0IDIxNDAxMDAwMDBONDEuNjQ0NDQyVzAwMC43NjIwNDUyMDIyMDIyNTExNTQyOTAyMjQwMjE2MDAuNjM=,37983,2022-02-25T11:55:54Z,0,,3153
125,1,1,4,1,11,2,0000,0C54,5.7,7,869154040144540,f99883d,0,-68,-84,22,21401,00000,N,41.644497,W,0.762028,2022-02-25T11:54:28Z,210,2,17,0.61,MTI1MDAxMTAwNDAwMDExMTAyMDAwMDBDNTQ1NzAwNzg2OTE1NDA0MDE0NDU0MGY5OTg4M2QwIC02OCAtODQgIDIyIDIxNDAxMDAwMDBONDEuNjQ0NDk3VzAwMC43NjIwMjgyMDIyMDIyNTExNTQyODAyMTAwMjE3MDAuNjE=,37982,2022-02-25T11:55:54Z,0,,3156
125,1,1,4,1,11,2,0000,0C3B,4.7,7,869154040260940,f99883d,0,-69,-82,25,21401,00000,N,41.644481,W,0.762005,2022-02-25T11:54:23Z,216,2,16,0.63,MTI1MDAxMTAwNDAwMDExMTAyMDAwMDBDM0I0NzAwNzg2OTE1NDA0MDI2MDk0MGY5OTg4M2QwIC02OSAtODIgIDI1IDIxNDAxMDAwMDBONDEuNjQ0NDgxVzAwMC43NjIwMDUyMDIyMDIyNTExNTQyMjAyMTYwMjE2MDAuNjM=,37980,2022-02-25T11:55:49Z,0,,3131
125,1,1,4,1,11,2,0000,0C52,5.8,7,869154040242906,f99883d,0,-70,-83,27,21401,00000,N,41.644473,W,0.762011,2022-02-25T11:54:23Z,213,2,18,0.58,MTI1MDAxMTAwNDAwMDExMTAyMDAwMDBDNTI1ODAwNzg2OTE1NDA0MDI0MjkwNmY5OTg4M2QwIC03MCAtODMgIDI3IDIxNDAxMDAwMDBONDEuNjQ0NDczVzAwMC43NjIwMTEyMDIyMDIyNTExNTQyMzAyMTMwMjE4MDAuNTg=,37981,2022-02-25T11:55:49Z,0,,3154
125,1,1,4,1,11,2,0000,0C5E,4.7,7,869154040103934,f99883d,0,-67,-80,27,21401,00000,N,41.644493,W,0.761989,2022-02-25T11:54:18Z,210,2,17,0.6,MTI1MDAxMTAwNDAwMDExMTAyMDAwMDBDNUU0NzAwNzg2OTE1NDA0MDEwMzkzNGY5OTg4M2QwIC02NyAtODAgIDI3IDIxNDAxMDAwMDBONDEuNjQ0NDkzVzAwMC43NjE5ODkyMDIyMDIyNTExNTQxODAyMTAwMjE3MDAuNjA=,37979,2022-02-25T11:55:44Z,0,,3166
125,1,1,4,1,11,2,0000,0C3E,5.7,7,869154040082468,f99883d,0,-69,-83,26,21401,00000,N,41.644442,W,0.761998,2022-02-25T11:54:17Z,204,1,18,0.58,MTI1MDAxMTAwNDAwMDExMTAyMDAwMDBDM0U1NzAwNzg2OTE1NDA0MDA4MjQ2OGY5OTg4M2QwIC02OSAtODMgIDI2IDIxNDAxMDAwMDBONDEuNjQ0NDQyVzAwMC43NjE5OTgyMDIyMDIyNTExNTQxNzAyMDQwMTE4MDAuNTg=,37978,2022-02-25T11:55:43Z,0,,3134
125,1,1,3,1,11,2,0000,0C56,4.9,5,869154040236601,f98683d,0,-70,-83,25,21401,00000,N,41.644527,W,0.76204,2022-02-25T11:52:58Z,211,2,17,0.6,MTI1MDAxMTAwMzAwMDExMTAyMDAwMDBDNTY0OTAwNTg2OTE1NDA0MDIzNjYwMWY5ODY4M2QwIC03MCAtODMgIDI1IDIxNDAxMDAwMDBONDEuNjQ0NTI3VzAwMC43NjIwNDAyMDIyMDIyNTExNTI1ODAyMTEwMjE3MDAuNjA=,37988,2022-02-25T11:54:24Z,0,,3158
125,1,1,3,1,11,2,0000,0C3C,5.1,5,869154040242534,f98683d,0,-68,-80,27,21401,00000,N,41.644461,W,0.762087,2022-02-25T11:52:54Z,221,2,17,0.61,MTI1MDAxMTAwMzAwMDExMTAyMDAwMDBDM0M1MTAwNTg2OTE1NDA0MDI0MjUzNGY5ODY4M2QwIC02OCAtODAgIDI3IDIxNDAxMDAwMDBONDEuNjQ0NDYxVzAwMC43NjIwODcyMDIyMDIyNTExNTI1MzAyMjEwMjE3MDAuNjE=,37985,2022-02-25T11:54:20Z,0,,3132
77,1,1,3,1,11,2,0000,0C48,5.5,5,869154040150836,f98683d,0,-72,-87,23,21401,00000,,0,,0,,0,0,0,0,MDc3MDAxMTAwMzAwMDExMTAyMDAwMDBDNDg1NTAwNTg2OTE1NDA0MDE1MDgzNmY5ODY4M2QwIC03MiAtODcgIDIzIDIxNDAxMDAwMDA=,37986,2022-02-25T11:54:20Z,0,,3144
125,1,1,3,1,11,2,0000,0C3D,5.5,5,869154040119146,f98683d,0,-68,-82,25,21401,00000,N,41.64445,W,0.762091,2022-02-25T11:52:55Z,202,1,16,0.6,MTI1MDAxMTAwMzAwMDExMTAyMDAwMDBDM0Q1NTAwNTg2OTE1NDA0MDExOTE0NmY5ODY4M2QwIC02OCAtODIgIDI1IDIxNDAxMDAwMDBONDEuNjQ0NDUwVzAwMC43NjIwOTEyMDIyMDIyNTExNTI1NDAyMDIwMTE2MDAuNjA=,37989,2022-02-25T11:54:20Z,0,,3133
125,1,1,3,1,11,2,0000,0C43,5.8,5,869154040089430,f98683d,0,-70,-85,20,21401,00000,N,41.644465,W,0.761997,2022-02-25T11:52:54Z,204,1,18,0.58,MTI1MDAxMTAwMzAwMDExMTAyMDAwMDBDNDM1ODAwNTg2OTE1NDA0MDA4OTQzMGY5ODY4M2QxIC03MCAtODUgIDIwIDIxNDAxMDAwMDBONDEuNjQ0NDY1VzAwMC43NjE5OTcyMDIyMDIyNTExNTI1NDAyMDQwMTE4MDAuNTg=,37987,2022-02-25T11:54:20Z,0,,3139
125,1,1,3,1,11,2,0000,0C42,5.8,5,869154040239290,f98683d,0,-69,-82,25,21401,00000,N,41.644471,W,0.762029,2022-02-25T11:52:50Z,202,2,16,0.61,MTI1MDAxMTAwMzAwMDExMTAyMDAwMDBDNDI1ODAwNTg2OTE1NDA0MDIzOTI5MGY5ODY4M2QwIC02OSAtODIgIDI1IDIxNDAxMDAwMDBONDEuNjQ0NDcxVzAwMC43NjIwMjkyMDIyMDIyNTExNTI0OTAyMDIwMjE2MDAuNjE=,37984,2022-02-25T11:54:15Z,0,,3138
125,1,1,3,1,11,2,0000,0C51,5.5,5,869154040231404,f99883d,0,-66,-80,25,21401,00000,N,41.644442,W,0.762045,2022-02-25T11:52:49Z,224,2,16,0.63,MTI1MDAxMTAwMzAwMDExMTAyMDAwMDBDNTE1NTAwNTg2OTE1NDA0MDIzMTQwNGY5OTg4M2QwIC02NiAtODAgIDI1IDIxNDAxMDAwMDBONDEuNjQ0NDQyVzAwMC43NjIwNDUyMDIyMDIyNTExNTI0ODAyMjQwMjE2MDAuNjM=,37983,2022-02-25T11:54:14Z,0,,3153
125,1,1,3,1,11,2,0000,0C54,5.8,5,869154040144540,f99883d,0,-69,-85,21,21401,00000,N,41.644497,W,0.762028,2022-02-25T11:52:48Z,210,2,17,0.61,MTI1MDAxMTAwMzAwMDExMTAyMDAwMDBDNTQ1ODAwNTg2OTE1NDA0MDE0NDU0MGY5OTg4M2QwIC02OSAtODUgIDIxIDIxNDAxMDAwMDBONDEuNjQ0NDk3VzAwMC43NjIwMjgyMDIyMDIyNTExNTI0ODAyMTAwMjE3MDAuNjE=,37982,2022-02-25T11:54:13Z,0,,3156
125,1,1,3,1,11,2,0000,0C3B,4.7,5,869154040260940,f99883d,0,-69,-82,25,21401,00000,N,41.644481,W,0.762005,2022-02-25T11:52:43Z,216,2,16,0.63,MTI1MDAxMTAwMzAwMDExMTAyMDAwMDBDM0I0NzAwNTg2OTE1NDA0MDI2MDk0MGY5OTg4M2QwIC02OSAtODIgIDI1IDIxNDAxMDAwMDBONDEuNjQ0NDgxVzAwMC43NjIwMDUyMDIyMDIyNTExNTI0MjAyMTYwMjE2MDAuNjM=,37980,2022-02-25T11:54:08Z,0,,3131
125,1,1,3,1,11,2,0000,0C52,5.8,5,869154040242906,f99883d,0,-70,-83,27,21401,00000,N,41.644472,W,0.761995,2022-02-25T11:52:42Z,213,2,18,0.58,MTI1MDAxMTAwMzAwMDExMTAyMDAwMDBDNTI1ODAwNTg2OTE1NDA0MDI0MjkwNmY5OTg4M2QwIC03MCAtODMgIDI3IDIxNDAxMDAwMDBONDEuNjQ0NDcyVzAwMC43NjE5OTUyMDIyMDIyNTExNTI0MjAyMTMwMjE4MDAuNTg=,37981,2022-02-25T11:54:08Z,0,,3154
125,1,1,3,1,11,2,0000,0C5E,4.8,5,869154040103934,f99883d,0,-67,-80,27,21401,00000,N,41.644493,W,0.761989,2022-02-25T11:52:38Z,210,2,17,0.6,MTI1MDAxMTAwMzAwMDExMTAyMDAwMDBDNUU0ODAwNTg2OTE1NDA0MDEwMzkzNGY5OTg4M2QwIC02NyAtODAgIDI3IDIxNDAxMDAwMDBONDEuNjQ0NDkzVzAwMC43NjE5ODkyMDIyMDIyNTExNTIzNzAyMTAwMjE3MDAuNjA=,37979,2022-02-25T11:54:03Z,0,,3166
125,1,1,3,1,11,2,0000,0C3E,5.7,5,869154040082468,f99883d,0,-69,-83,26,21401,00000,N,41.644442,W,0.761998,2022-02-25T11:52:37Z,204,1,18,0.58,MTI1MDAxMTAwMzAwMDExMTAyMDAwMDBDM0U1NzAwNTg2OTE1NDA0MDA4MjQ2OGY5OTg4M2QwIC02OSAtODMgIDI2IDIxNDAxMDAwMDBONDEuNjQ0NDQyVzAwMC43NjE5OTgyMDIyMDIyNTExNTIzNzAyMDQwMTE4MDAuNTg=,37978,2022-02-25T11:54:02Z,0,,3134
125,1,1,2,1,11,2,0000,0C56,4.3,3,869154040236601,f98683d,0,-70,-83,24,21401,00000,N,41.644527,W,0.76204,2022-02-25T11:51:18Z,211,2,17,0.6,MTI1MDAxMTAwMjAwMDExMTAyMDAwMDBDNTY0MzAwMzg2OTE1NDA0MDIzNjYwMWY5ODY4M2QwIC03MCAtODMgIDI0IDIxNDAxMDAwMDBONDEuNjQ0NTI3VzAwMC43NjIwNDAyMDIyMDIyNTExNTExNzAyMTEwMjE3MDAuNjA=,37988,2022-02-25T11:52:43Z,0,,3158
125,1,1,2,1,11,2,0000,0C43,5.9,4,869154040089430,f98683d,0,-70,-85,20,21401,00000,N,41.64446,W,0.762023,2022-02-25T11:51:14Z,206,1,18,0.58,MTI1MDAxMTAwMjAwMDExMTAyMDAwMDBDNDM1OTAwNDg2OTE1NDA0MDA4OTQzMGY5ODY4M2QxIC03MCAtODUgIDIwIDIxNDAxMDAwMDBONDEuNjQ0NDYwVzAwMC43NjIwMjMyMDIyMDIyNTExNTExMzAyMDYwMTE4MDAuNTg=,37987,2022-02-25T11:52:40Z,0,,3139
125,1,1,2,1,11,2,0000,0C3C,5.1,3,869154040242534,f98683d,0,-68,-80,28,21401,00000,N,41.644461,W,0.762087,2022-02-25T11:51:14Z,221,2,17,0.61,MTI1MDAxMTAwMjAwMDExMTAyMDAwMDBDM0M1MTAwMzg2OTE1NDA0MDI0MjUzNGY5ODY4M2QwIC02OCAtODAgIDI4IDIxNDAxMDAwMDBONDEuNjQ0NDYxVzAwMC43NjIwODcyMDIyMDIyNTExNTExMzAyMjEwMjE3MDAuNjE=,37985,2022-02-25T11:52:39Z,0,,3132
125,1,1,2,1,11,2,0000,0C3D,5.5,3,869154040119146,f98683d,0,-68,-82,25,21401,00000,N,41.64445,W,0.762091,2022-02-25T11:51:13Z,202,1,16,0.6,MTI1MDAxMTAwMjAwMDExMTAyMDAwMDBDM0Q1NTAwMzg2OTE1NDA0MDExOTE0NmY5ODY4M2QwIC02OCAtODIgIDI1IDIxNDAxMDAwMDBONDEuNjQ0NDUwVzAwMC43NjIwOTEyMDIyMDIyNTExNTExMzAyMDIwMTE2MDAuNjA=,37989,2022-02-25T11:52:39Z,0,,3133
77,1,1,2,1,11,2,0000,0C48,5.5,3,869154040150836,f98683d,0,-72,-87,22,21401,00000,,0,,0,,0,0,0,0,MDc3MDAxMTAwMjAwMDExMTAyMDAwMDBDNDg1NTAwMzg2OTE1NDA0MDE1MDgzNmY5ODY4M2QwIC03MiAtODcgIDIyIDIxNDAxMDAwMDA=,37986,2022-02-25T11:52:39Z,0,,3144
125,1,1,2,1,11,2,0000,0C42,5.9,3,869154040239290,f98683d,0,-70,-82,26,21401,00000,N,41.644455,W,0.761977,2022-02-25T11:51:09Z,201,2,16,0.61,MTI1MDAxMTAwMjAwMDExMTAyMDAwMDBDNDI1OTAwMzg2OTE1NDA0MDIzOTI5MGY5ODY4M2QwIC03MCAtODIgIDI2IDIxNDAxMDAwMDBONDEuNjQ0NDU1VzAwMC43NjE5NzcyMDIyMDIyNTExNTEwODAyMDEwMjE2MDAuNjE=,37984,2022-02-25T11:52:34Z,0,,3138
125,1,1,2,1,11,2,0000,0C54,5.8,3,869154040144540,f99883d,0,-69,-86,20,21401,00000,N,41.644497,W,0.762028,2022-02-25T11:51:08Z,210,2,17,0.61,MTI1MDAxMTAwMjAwMDExMTAyMDAwMDBDNTQ1ODAwMzg2OTE1NDA0MDE0NDU0MGY5OTg4M2QwIC02OSAtODYgIDIwIDIxNDAxMDAwMDBONDEuNjQ0NDk3VzAwMC43NjIwMjgyMDIyMDIyNTExNTEwNzAyMTAwMjE3MDAuNjE=,37982,2022-02-25T11:52:33Z,0,,3156
125,1,1,2,1,11,2,0000,0C51,5.6,3,869154040231404,f99883d,0,-66,-80,24,21401,00000,N,41.644442,W,0.762045,2022-02-25T11:51:08Z,224,2,16,0.63,MTI1MDAxMTAwMjAwMDExMTAyMDAwMDBDNTE1NjAwMzg2OTE1NDA0MDIzMTQwNGY5OTg4M2QwIC02NiAtODAgIDI0IDIxNDAxMDAwMDBONDEuNjQ0NDQyVzAwMC43NjIwNDUyMDIyMDIyNTExNTEwNzAyMjQwMjE2MDAuNjM=,37983,2022-02-25T11:52:33Z,0,,3153
125,1,1,2,1,11,2,0000,0C52,5.9,3,869154040242906,f99883d,0,-70,-83,26,21401,00000,N,41.644485,W,0.762014,2022-02-25T11:51:03Z,214,2,18,0.58,MTI1MDAxMTAwMjAwMDExMTAyMDAwMDBDNTI1OTAwMzg2OTE1NDA0MDI0MjkwNmY5OTg4M2QwIC03MCAtODMgIDI2IDIxNDAxMDAwMDBONDEuNjQ0NDg1VzAwMC43NjIwMTQyMDIyMDIyNTExNTEwMjAyMTQwMjE4MDAuNTg=,37981,2022-02-25T11:52:28Z,0,,3154
125,1,1,2,1,11,2,0000,0C3B,5.5,3,869154040260940,f99883d,0,-69,-82,25,21401,00000,N,41.644481,W,0.762005,2022-02-25T11:51:02Z,216,2,16,0.63,MTI1MDAxMTAwMjAwMDExMTAyMDAwMDBDM0I1NTAwMzg2OTE1NDA0MDI2MDk0MGY5OTg4M2QwIC02OSAtODIgIDI1IDIxNDAxMDAwMDBONDEuNjQ0NDgxVzAwMC43NjIwMDUyMDIyMDIyNTExNTEwMTAyMTYwMjE2MDAuNjM=,37980,2022-02-25T11:52:27Z,0,,3131
125,1,1,2,1,11,2,0000,0C5E,5.5,3,869154040103934,f99883d,0,-67,-80,27,21401,00000,N,41.644461,W,0.762022,2022-02-25T11:50:57Z,212,2,17,0.6,MTI1MDAxMTAwMjAwMDExMTAyMDAwMDBDNUU1NTAwMzg2OTE1NDA0MDEwMzkzNGY5OTg4M2QwIC02NyAtODAgIDI3IDIxNDAxMDAwMDBONDEuNjQ0NDYxVzAwMC43NjIwMjIyMDIyMDIyNTExNTA1NjAyMTIwMjE3MDAuNjA=,37979,2022-02-25T11:52:23Z,0,,3166
125,1,1,2,1,11,2,0000,0C3E,5.8,3,869154040082468,f99883d,0,-69,-83,26,21401,00000,N,41.644442,W,0.761998,2022-02-25T11:50:57Z,204,1,18,0.58,MTI1MDAxMTAwMjAwMDExMTAyMDAwMDBDM0U1ODAwMzg2OTE1NDA0MDA4MjQ2OGY5OTg4M2QwIC02OSAtODMgIDI2IDIxNDAxMDAwMDBONDEuNjQ0NDQyVzAwMC43NjE5OTgyMDIyMDIyNTExNTA1NjAyMDQwMTE4MDAuNTg=,37978,2022-02-25T11:52:22Z,0,,3134
125,1,1,1,1,11,2,0000,0C56,4.3,2,869154040236601,f98683d,0,-70,-84,24,21401,00000,N,41.644527,W,0.76204,2022-02-25T11:49:42Z,211,2,17,0.6,MTI1MDAxMTAwMTAwMDExMTAyMDAwMDBDNTY0MzAwMjg2OTE1NDA0MDIzNjYwMWY5ODY4M2QwIC03MCAtODQgIDI0IDIxNDAxMDAwMDBONDEuNjQ0NTI3VzAwMC43NjIwNDAyMDIyMDIyNTExNDk0MTAyMTEwMjE3MDAuNjA=,37988,2022-02-25T11:51:03Z,0,,3158
125,1,1,1,1,11,2,0000,0C3C,5.9,2,869154040242534,f98683d,0,-68,-80,28,21401,00000,N,41.644504,W,0.762044,2022-02-25T11:49:37Z,207,2,17,0.61,MTI1MDAxMTAwMTAwMDExMTAyMDAwMDBDM0M1OTAwMjg2OTE1NDA0MDI0MjUzNGY5ODY4M2QwIC02OCAtODAgIDI4IDIxNDAxMDAwMDBONDEuNjQ0NTA0VzAwMC43NjIwNDQyMDIyMDIyNTExNDkzNjAyMDcwMjE3MDAuNjE=,37985,2022-02-25T11:50:58Z,0,,3132
77,1,1,1,1,11,2,0000,0C48,5.6,2,869154040150836,f98683d,0,-72,-87,22,21401,00000,,0,,0,,0,0,0,0,MDc3MDAxMTAwMTAwMDExMTAyMDAwMDBDNDg1NjAwMjg2OTE1NDA0MDE1MDgzNmY5ODY4M2QwIC03MiAtODcgIDIyIDIxNDAxMDAwMDA=,37986,2022-02-25T11:50:58Z,0,,3144
125,1,1,1,1,11,2,0000,0C3D,5.7,2,869154040119146,f98683d,0,-68,-82,27,21401,00000,N,41.644495,W,0.762041,2022-02-25T11:49:36Z,199,1,16,0.6,MTI1MDAxMTAwMTAwMDExMTAyMDAwMDBDM0Q1NzAwMjg2OTE1NDA0MDExOTE0NmY5ODY4M2QwIC02OCAtODIgIDI3IDIxNDAxMDAwMDBONDEuNjQ0NDk1VzAwMC43NjIwNDEyMDIyMDIyNTExNDkzNjAxOTkwMTE2MDAuNjA=,37989,2022-02-25T11:50:58Z,0,,3133
125,1,1,1,1,11,2,0000,0C43,5.9,2,869154040089430,f98683d,0,-70,-84,21,21401,00000,N,41.64446,W,0.762023,2022-02-25T11:49:36Z,206,1,18,0.58,MTI1MDAxMTAwMTAwMDExMTAyMDAwMDBDNDM1OTAwMjg2OTE1NDA0MDA4OTQzMGY5ODY4M2QwIC03MCAtODQgIDIxIDIxNDAxMDAwMDBONDEuNjQ0NDYwVzAwMC43NjIwMjMyMDIyMDIyNTExNDkzNjAyMDYwMTE4MDAuNTg=,37987,2022-02-25T11:50:58Z,0,,3139
125,1,1,1,1,11,2,0000,0C42,5.9,2,869154040239290,f98683d,0,-70,-82,26,21401,00000,N,41.644512,W,0.762015,2022-02-25T11:49:32Z,202,2,17,0.58,MTI1MDAxMTAwMTAwMDExMTAyMDAwMDBDNDI1OTAwMjg2OTE1NDA0MDIzOTI5MGY5ODY4M2QwIC03MCAtODIgIDI2IDIxNDAxMDAwMDBONDEuNjQ0NTEyVzAwMC43NjIwMTUyMDIyMDIyNTExNDkzMTAyMDIwMjE3MDAuNTg=,37984,2022-02-25T11:50:53Z,0,,3138
125,1,1,1,1,11,2,0000,0C54,5.9,2,869154040144540,f99883d,0,-70,-86,20,21401,00000,N,41.644514,W,0.762021,2022-02-25T11:49:30Z,210,2,17,0.61,MTI1MDAxMTAwMTAwMDExMTAyMDAwMDBDNTQ1OTAwMjg2OTE1NDA0MDE0NDU0MGY5OTg4M2QwIC03MCAtODYgIDIwIDIxNDAxMDAwMDBONDEuNjQ0NTE0VzAwMC43NjIwMjEyMDIyMDIyNTExNDkzMDAyMTAwMjE3MDAuNjE=,37982,2022-02-25T11:50:52Z,0,,3156
125,1,1,1,1,11,2,0000,0C51,5.6,2,869154040231404,f99883d,0,-66,-81,24,21401,00000,N,41.644442,W,0.762045,2022-02-25T11:49:31Z,224,2,16,0.63,MTI1MDAxMTAwMTAwMDExMTAyMDAwMDBDNTE1NjAwMjg2OTE1NDA0MDIzMTQwNGY5OTg4M2QwIC02NiAtODEgIDI0IDIxNDAxMDAwMDBONDEuNjQ0NDQyVzAwMC43NjIwNDUyMDIyMDIyNTExNDkzMTAyMjQwMjE2MDAuNjM=,37983,2022-02-25T11:50:52Z,0,,3153
125,1,1,1,1,11,2,0000,0C3B,5.6,2,869154040260940,f99883d,0,-70,-82,27,21401,00000,N,41.644481,W,0.762005,2022-02-25T11:49:26Z,216,2,16,0.63,MTI1MDAxMTAwMTAwMDExMTAyMDAwMDBDM0I1NjAwMjg2OTE1NDA0MDI2MDk0MGY5OTg4M2QwIC03MCAtODIgIDI3IDIxNDAxMDAwMDBONDEuNjQ0NDgxVzAwMC43NjIwMDUyMDIyMDIyNTExNDkyNTAyMTYwMjE2MDAuNjM=,37980,2022-02-25T11:50:47Z,0,,3131
125,1,1,1,1,11,2,0000,0C52,6,2,869154040242906,f99883d,0,-70,-83,25,21401,00000,N,41.644485,W,0.762014,2022-02-25T11:49:25Z,214,2,18,0.58,MTI1MDAxMTAwMTAwMDExMTAyMDAwMDBDNTI2MDAwMjg2OTE1NDA0MDI0MjkwNmY5OTg4M2QwIC03MCAtODMgIDI1IDIxNDAxMDAwMDBONDEuNjQ0NDg1VzAwMC43NjIwMTQyMDIyMDIyNTExNDkyNTAyMTQwMjE4MDAuNTg=,37981,2022-02-25T11:50:47Z,0,,3154
125,1,1,1,1,11,2,0000,0C5E,5.6,2,869154040103934,f99883d,0,-67,-80,27,21401,00000,N,41.644461,W,0.762022,2022-02-25T11:49:20Z,212,2,17,0.6,MTI1MDAxMTAwMTAwMDExMTAyMDAwMDBDNUU1NjAwMjg2OTE1NDA0MDEwMzkzNGY5OTg4M2QwIC02NyAtODAgIDI3IDIxNDAxMDAwMDBONDEuNjQ0NDYxVzAwMC43NjIwMjIyMDIyMDIyNTExNDkyMDAyMTIwMjE3MDAuNjA=,37979,2022-02-25T11:50:42Z,0,,3166
125,1,1,1,1,11,2,0000,0C3E,5.9,2,869154040082468,f99883d,0,-70,-83,25,21401,00000,N,41.644442,W,0.761998,2022-02-25T11:49:20Z,204,1,18,0.58,MTI1MDAxMTAwMTAwMDExMTAyMDAwMDBDM0U1OTAwMjg2OTE1NDA0MDA4MjQ2OGY5OTg4M2QwIC03MCAtODMgIDI1IDIxNDAxMDAwMDBONDEuNjQ0NDQyVzAwMC43NjE5OTgyMDIyMDIyNTExNDkyMDAyMDQwMTE4MDAuNTg=,37978,2022-02-25T11:50:41Z,0,,3134
77,1,0,0,1,11,2,0000,0C56,5.1,0,869154040236601,f98683d,0,-70,-84,24,21401,00000,,0,,0,,0,0,0,0,MDc3MDAxMDAwMDAwMDExMTAyMDAwMDBDNTY1MTAwMDg2OTE1NDA0MDIzNjYwMWY5ODY4M2QwIC03MCAtODQgIDI0IDIxNDAxMDAwMDA=,37988,2022-02-25T11:49:21Z,0,,3158
77,1,0,0,1,11,2,0000,0C3C,6,0,869154040242534,f98683d,0,-68,-80,28,21401,00000,,0,,0,,0,0,0,0,MDc3MDAxMDAwMDAwMDExMTAyMDAwMDBDM0M2MDAwMDg2OTE1NDA0MDI0MjUzNGY5ODY4M2QwIC02OCAtODAgIDI4IDIxNDAxMDAwMDA=,37985,2022-02-25T11:49:17Z,0,,3132
77,1,0,0,1,11,2,0000,0C48,5.7,0,869154040150836,f98683d,0,-73,-87,22,21401,00000,,0,,0,,0,0,0,0,MDc3MDAxMDAwMDAwMDExMTAyMDAwMDBDNDg1NzAwMDg2OTE1NDA0MDE1MDgzNmY5ODY4M2QwIC03MyAtODcgIDIyIDIxNDAxMDAwMDA=,37986,2022-02-25T11:49:17Z,0,,3144
77,1,0,0,1,11,2,0000,0C43,6,0,869154040089430,f98683d,0,-71,-85,21,21401,00000,,0,,0,,0,0,0,0,MDc3MDAxMDAwMDAwMDExMTAyMDAwMDBDNDM2MDAwMDg2OTE1NDA0MDA4OTQzMGY5ODY4M2QxIC03MSAtODUgIDIxIDIxNDAxMDAwMDA=,37987,2022-02-25T11:49:17Z,0,,3139
77,1,0,0,1,11,2,0000,0C42,5.3,0,869154040239290,f98683d,0,-70,-82,26,21401,00000,,0,,0,,0,0,0,0,MDc3MDAxMDAwMDAwMDExMTAyMDAwMDBDNDI1MzAwMDg2OTE1NDA0MDIzOTI5MGY5ODY4M2QwIC03MCAtODIgIDI2IDIxNDAxMDAwMDA=,37984,2022-02-25T11:49:13Z,0,,3138
77,1,0,0,1,11,2,0000,0C54,6,0,869154040144540,f99883d,0,-71,-87,20,21401,00000,,0,,0,,0,0,0,0,MDc3MDAxMDAwMDAwMDExMTAyMDAwMDBDNTQ2MDAwMDg2OTE1NDA0MDE0NDU0MGY5OTg4M2QwIC03MSAtODcgIDIwIDIxNDAxMDAwMDA=,37982,2022-02-25T11:49:11Z,0,,3156
77,1,0,0,1,11,2,0000,0C51,5.7,0,869154040231404,f99883d,0,-67,-81,24,21401,00000,,0,,0,,0,0,0,0,MDc3MDAxMDAwMDAwMDExMTAyMDAwMDBDNTE1NzAwMDg2OTE1NDA0MDIzMTQwNGY5OTg4M2QwIC02NyAtODEgIDI0IDIxNDAxMDAwMDA=,37983,2022-02-25T11:49:11Z,0,,3153
77,1,0,0,1,11,2,0000,0C3B,5.7,0,869154040260940,f99883d,0,-70,-82,27,21401,00000,,0,,0,,0,0,0,0,MDc3MDAxMDAwMDAwMDExMTAyMDAwMDBDM0I1NzAwMDg2OTE1NDA0MDI2MDk0MGY5OTg4M2QwIC03MCAtODIgIDI3IDIxNDAxMDAwMDA=,37980,2022-02-25T11:49:06Z,0,,3131
77,1,0,0,1,11,2,0000,0C52,6,0,869154040242906,f99883d,0,-71,-83,25,21401,00000,,0,,0,,0,0,0,0,MDc3MDAxMDAwMDAwMDExMTAyMDAwMDBDNTI2MDAwMDg2OTE1NDA0MDI0MjkwNmY5OTg4M2QwIC03MSAtODMgIDI1IDIxNDAxMDAwMDA=,37981,2022-02-25T11:49:06Z,0,,3154
77,1,0,0,1,11,2,0000,0C5E,5.7,0,869154040103934,f99883d,0,-68,-80,27,21401,00000,,0,,0,,0,0,0,0,MDc3MDAxMDAwMDAwMDExMTAyMDAwMDBDNUU1NzAwMDg2OTE1NDA0MDEwMzkzNGY5OTg4M2QwIC02OCAtODAgIDI3IDIxNDAxMDAwMDA=,37979,2022-02-25T11:49:01Z,0,,3166
77,1,0,0,1,11,2,0000,0C3E,5.2,0,869154040082468,f99883d,0,-70,-83,26,21401,00000,,0,,0,,0,0,0,0,MDc3MDAxMDAwMDAwMDExMTAyMDAwMDBDM0U1MjAwMDg2OTE1NDA0MDA4MjQ2OGY5OTg4M2QwIC03MCAtODMgIDI2IDIxNDAxMDAwMDA=,37978,2022-02-25T11:49:00Z,0,,3134
77,1,0,0,1,11,2,0000,0C48,5.4,0,869154040150836,f99883d,0,-78,-91,27,21401,00000,,0,,0,,0,0,0,0,MDc3MDAxMDAwMDAwMDExMTAyMDAwMDBDNDg1NDAwMDg2OTE1NDA0MDE1MDgzNmY5OTg4M2QwIC03OCAtOTEgIDI3IDIxNDAxMDAwMDA=,37977,2022-02-25T10:00:22Z,0,,3144
,,,,,,,,,,,,,,,,,,,,,,,,,,,,,,,,,
,,,,,,,,,,,,,,,,,,,,,,,,,,,,,,,,,
,,,,,,,,,,,,,,,,,,,,,,,,,,,,,,,,,
,,,,,,,,,,,,,,,,,,,,,,,,,,,,,,,,,
,,,,,,,,,,,,,,,,,,,,,,,,,,,,,,,,,
,,,,,,,,,,,,,,,,,,,,,,,,,,,,,,,,,
,,,,,,,,,,,,,,,,,,,,,,,,,,,,,,,,,
,,,,,,,,,,,,,,,,,,,,,,,,,,,,,,,,,
,,,,,,,,,,,,,,,,,,,,,,,,,,,,,,,,,
,,,,,,,,,,,,,,,,,,,,,,,,,,,,,,,,,
,,,,,,,,,,,,,,,,,,,,,,,,,,,,,,,,,
,,,,,,,,,,,,,,,,,,,,,,,,,,,,,,,,,
,,,,,,,,,,,,,,,,,,,,,,,,,,,,,,,,,
,,,,,,,,,,,,,,,,,,,,,,,,,,,,,,,,,
,,,,,,,,,,,,,,,,,,,,,,,,,,,,,,,,,
,,,,,,,,,,,,,,,,,,,,,,,,,,,,,,,,,
,,,,,,,,,,,,,,,,,,,,,,,,,,,,,,,,,
,,,,,,,,,,,,,,,,,,,,,,,,,,,,,,,,,
,,,,,,,,,,,,,,,,,,,,,,,,,,,,,,,,,
,,,,,,,,,,,,,,,,,,,,,,,,,,,,,,,,,
,,,,,,,,,,,,,,,,,,,,,,,,,,,,,,,,,
,,,,,,,,,,,,,,,,,,,,,,,,,,,,,,,,,
,,,,,,,,,,,,,,,,,,,,,,,,,,,,,,,,,
,,,,,,,,,,,,,,,,,,,,,,,,,,,,,,,,,
,,,,,,,,,,,,,,,,,,,,,,,,,,,,,,,,,
,,,,,,,,,,,,,,,,,,,,,,,,,,,,,,,,,
,,,,,,,,,,,,,,,,,,,,,,,,,,,,,,,,,
,,,,,,,,,,,,,,,,,,,,,,,,,,,,,,,,,
,,,,,,,,,,,,,,,,,,,,,,,,,,,,,,,,,
,,,,,,,,,,,,,,,,,,,,,,,,,,,,,,,,,
,,,,,,,,,,,,,,,,,,,,,,,,,,,,,,,,,
,,,,,,,,,,,,,,,,,,,,,,,,,,,,,,,,,
,,,,,,,,,,,,,,,,,,,,,,,,,,,,,,,,,
,,,,,,,,,,,,,,,,,,,,,,,,,,,,,,,,,
,,,,,,,,,,,,,,,,,,,,,,,,,,,,,,,,,
,,,,,,,,,,,,,,,,,,,,,,,,,,,,,,,,,
,,,,,,,,,,,,,,,,,,,,,,,,,,,,,,,,,
,,,,,,,,,,,,,,,,,,,,,,,,,,,,,,,,,
,,,,,,,,,,,,,,,,,,,,,,,,,,,,,,,,,
,,,,,,,,,,,,,,,,,,,,,,,,,,,,,,,,,
,,,,,,,,,,,,,,,,,,,,,,,,,,,,,,,,,
,,,,,,,,,,,,,,,,,,,,,,,,,,,,,,,,,
,,,,,,,,,,,,,,,,,,,,,,,,,,,,,,,,,
,,,,,,,,,,,,,,,,,,,,,,,,,,,,,,,,,
,,,,,,,,,,,,,,,,,,,,,,,,,,,,,,,,,
,,,,,,,,,,,,,,,,,,,,,,,,,,,,,,,,,
,,,,,,,,,,,,,,,,,,,,,,,,,,,,,,,,,
,,,,,,,,,,,,,,,,,,,,,,,,,,,,,,,,,
,,,,,,,,,,,,,,,,,,,,,,,,,,,,,,,,,
,,,,,,,,,,,,,,,,,,,,,,,,,,,,,,,,,
,,,,,,,,,,,,,,,,,,,,,,,,,,,,,,,,,
,,,,,,,,,,,,,,,,,,,,,,,,,,,,,,,,,
,,,,,,,,,,,,,,,,,,,,,,,,,,,,,,,,,
,,,,,,,,,,,,,,,,,,,,,,,,,,,,,,,,,
,,,,,,,,,,,,,,,,,,,,,,,,,,,,,,,,,
,,,,,,,,,,,,,,,,,,,,,,,,,,,,,,,,,
,,,,,,,,,,,,,,,,,,,,,,,,,,,,,,,,,
,,,,,,,,,,,,,,,,,,,,,,,,,,,,,,,,,
,,,,,,,,,,,,,,,,,,,,,,,,,,,,,,,,,
,,,,,,,,,,,,,,,,,,,,,,,,,,,,,,,,,
,,,,,,,,,,,,,,,,,,,,,,,,,,,,,,,,,
,,,,,,,,,,,,,,,,,,,,,,,,,,,,,,,,,
,,,,,,,,,,,,,,,,,,,,,,,,,,,,,,,,,
,,,,,,,,,,,,,,,,,,,,,,,,,,,,,,,,,
,,,,,,,,,,,,,,,,,,,,,,,,,,,,,,,,,
,,,,,,,,,,,,,,,,,,,,,,,,,,,,,,,,,
,,,,,,,,,,,,,,,,,,,,,,,,,,,,,,,,,
,,,,,,,,,,,,,,,,,,,,,,,,,,,,,,,,,
,,,,,,,,,,,,,,,,,,,,,,,,,,,,,,,,,
,,,,,,,,,,,,,,,,,,,,,,,,,,,,,,,,,
,,,,,,,,,,,,,,,,,,,,,,,,,,,,,,,,,
,,,,,,,,,,,,,,,,,,,,,,,,,,,,,,,,,
,,,,,,,,,,,,,,,,,,,,,,,,,,,,,,,,,
,,,,,,,,,,,,,,,,,,,,,,,,,,,,,,,,,
,,,,,,,,,,,,,,,,,,,,,,,,,,,,,,,,,
,,,,,,,,,,,,,,,,,,,,,,,,,,,,,,,,,
,,,,,,,,,,,,,,,,,,,,,,,,,,,,,,,,,
,,,,,,,,,,,,,,,,,,,,,,,,,,,,,,,,,
,,,,,,,,,,,,,,,,,,,,,,,,,,,,,,,,,
,,,,,,,,,,,,,,,,,,,,,,,,,,,,,,,,,
,,,,,,,,,,,,,,,,,,,,,,,,,,,,,,,,,
,,,,,,,,,,,,,,,,,,,,,,,,,,,,,,,,,
,,,,,,,,,,,,,,,,,,,,,,,,,,,,,,,,,
,,,,,,,,,,,,,,,,,,,,,,,,,,,,,,,,,
,,,,,,,,,,,,,,,,,,,,,,,,,,,,,,,,,
,,,,,,,,,,,,,,,,,,,,,,,,,,,,,,,,,
,,,,,,,,,,,,,,,,,,,,,,,,,,,,,,,,,
,,,,,,,,,,,,,,,,,,,,,,,,,,,,,,,,,
,,,,,,,,,,,,,,,,,,,,,,,,,,,,,,,,,
,,,,,,,,,,,,,,,,,,,,,,,,,,,,,,,,,
,,,,,,,,,,,,,,,,,,,,,,,,,,,,,,,,,
,,,,,,,,,,,,,,,,,,,,,,,,,,,,,,,,,
,,,,,,,,,,,,,,,,,,,,,,,,,,,,,,,,,
,,,,,,,,,,,,,,,,,,,,,,,,,,,,,,,,,
,,,,,,,,,,,,,,,,,,,,,,,,,,,,,,,,,
,,,,,,,,,,,,,,,,,,,,,,,,,,,,,,,,,
,,,,,,,,,,,,,,,,,,,,,,,,,,,,,,,,,
,,,,,,,,,,,,,,,,,,,,,,,,,,,,,,,,,
,,,,,,,,,,,,,,,,,,,,,,,,,,,,,,,,,
,,,,,,,,,,,,,,,,,,,,,,,,,,,,,,,,,
,,,,,,,,,,,,,,,,,,,,,,,,,,,,,,,,,
,,,,,,,,,,,,,,,,,,,,,,,,,,,,,,,,,
,,,,,,,,,,,,,,,,,,,,,,,,,,,,,,,,,
,,,,,,,,,,,,,,,,,,,,,,,,,,,,,,,,,
,,,,,,,,,,,,,,,,,,,,,,,,,,,,,,,,,
,,,,,,,,,,,,,,,,,,,,,,,,,,,,,,,,,
,,,,,,,,,,,,,,,,,,,,,,,,,,,,,,,,,
,,,,,,,,,,,,,,,,,,,,,,,,,,,,,,,,,
,,,,,,,,,,,,,,,,,,,,,,,,,,,,,,,,,
,,,,,,,,,,,,,,,,,,,,,,,,,,,,,,,,,
,,,,,,,,,,,,,,,,,,,,,,,,,,,,,,,,,
,,,,,,,,,,,,,,,,,,,,,,,,,,,,,,,,,
,,,,,,,,,,,,,,,,,,,,,,,,,,,,,,,,,
,,,,,,,,,,,,,,,,,,,,,,,,,,,,,,,,,
,,,,,,,,,,,,,,,,,,,,,,,,,,,,,,,,,
,,,,,,,,,,,,,,,,,,,,,,,,,,,,,,,,,
,,,,,,,,,,,,,,,,,,,,,,,,,,,,,,,,,
,,,,,,,,,,,,,,,,,,,,,,,,,,,,,,,,,
,,,,,,,,,,,,,,,,,,,,,,,,,,,,,,,,,
,,,,,,,,,,,,,,,,,,,,,,,,,,,,,,,,,
,,,,,,,,,,,,,,,,,,,,,,,,,,,,,,,,,
,,,,,,,,,,,,,,,,,,,,,,,,,,,,,,,,,
,,,,,,,,,,,,,,,,,,,,,,,,,,,,,,,,,
,,,,,,,,,,,,,,,,,,,,,,,,,,,,,,,,,
,,,,,,,,,,,,,,,,,,,,,,,,,,,,,,,,,
,,,,,,,,,,,,,,,,,,,,,,,,,,,,,,,,,
,,,,,,,,,,,,,,,,,,,,,,,,,,,,,,,,,
,,,,,,,,,,,,,,,,,,,,,,,,,,,,,,,,,
,,,,,,,,,,,,,,,,,,,,,,,,,,,,,,,,,
,,,,,,,,,,,,,,,,,,,,,,,,,,,,,,,,,
,,,,,,,,,,,,,,,,,,,,,,,,,,,,,,,,,
,,,,,,,,,,,,,,,,,,,,,,,,,,,,,,,,,
,,,,,,,,,,,,,,,,,,,,,,,,,,,,,,,,,
,,,,,,,,,,,,,,,,,,,,,,,,,,,,,,,,,
,,,,,,,,,,,,,,,,,,,,,,,,,,,,,,,,,
,,,,,,,,,,,,,,,,,,,,,,,,,,,,,,,,,
,,,,,,,,,,,,,,,,,,,,,,,,,,,,,,,,,
,,,,,,,,,,,,,,,,,,,,,,,,,,,,,,,,,
,,,,,,,,,,,,,,,,,,,,,,,,,,,,,,,,,
,,,,,,,,,,,,,,,,,,,,,,,,,,,,,,,,,
,,,,,,,,,,,,,,,,,,,,,,,,,,,,,,,,,
,,,,,,,,,,,,,,,,,,,,,,,,,,,,,,,,,
,,,,,,,,,,,,,,,,,,,,,,,,,,,,,,,,,
,,,,,,,,,,,,,,,,,,,,,,,,,,,,,,,,,
,,,,,,,,,,,,,,,,,,,,,,,,,,,,,,,,,
,,,,,,,,,,,,,,,,,,,,,,,,,,,,,,,,,
,,,,,,,,,,,,,,,,,,,,,,,,,,,,,,,,,
,,,,,,,,,,,,,,,,,,,,,,,,,,,,,,,,,
,,,,,,,,,,,,,,,,,,,,,,,,,,,,,,,,,
,,,,,,,,,,,,,,,,,,,,,,,,,,,,,,,,,
,,,,,,,,,,,,,,,,,,,,,,,,,,,,,,,,,
,,,,,,,,,,,,,,,,,,,,,,,,,,,,,,,,,
,,,,,,,,,,,,,,,,,,,,,,,,,,,,,,,,,
,,,,,,,,,,,,,,,,,,,,,,,,,,,,,,,,,
,,,,,,,,,,,,,,,,,,,,,,,,,,,,,,,,,
,,,,,,,,,,,,,,,,,,,,,,,,,,,,,,,,,
,,,,,,,,,,,,,,,,,,,,,,,,,,,,,,,,,
,,,,,,,,,,,,,,,,,,,,,,,,,,,,,,,,,
,,,,,,,,,,,,,,,,,,,,,,,,,,,,,,,,,
,,,,,,,,,,,,,,,,,,,,,,,,,,,,,,,,,
,,,,,,,,,,,,,,,,,,,,,,,,,,,,,,,,,
,,,,,,,,,,,,,,,,,,,,,,,,,,,,,,,,,
,,,,,,,,,,,,,,,,,,,,,,,,,,,,,,,,,
,,,,,,,,,,,,,,,,,,,,,,,,,,,,,,,,,
,,,,,,,,,,,,,,,,,,,,,,,,,,,,,,,,,
,,,,,,,,,,,,,,,,,,,,,,,,,,,,,,,,,
,,,,,,,,,,,,,,,,,,,,,,,,,,,,,,,,,
,,,,,,,,,,,,,,,,,,,,,,,,,,,,,,,,,
,,,,,,,,,,,,,,,,,,,,,,,,,,,,,,,,,
,,,,,,,,,,,,,,,,,,,,,,,,,,,,,,,,,
,,,,,,,,,,,,,,,,,,,,,,,,,,,,,,,,,
,,,,,,,,,,,,,,,,,,,,,,,,,,,,,,,,,
,,,,,,,,,,,,,,,,,,,,,,,,,,,,,,,,,
,,,,,,,,,,,,,,,,,,,,,,,,,,,,,,,,,
,,,,,,,,,,,,,,,,,,,,,,,,,,,,,,,,,
,,,,,,,,,,,,,,,,,,,,,,,,,,,,,,,,,
,,,,,,,,,,,,,,,,,,,,,,,,,,,,,,,,,
,,,,,,,,,,,,,,,,,,,,,,,,,,,,,,,,,
,,,,,,,,,,,,,,,,,,,,,,,,,,,,,,,,,
,,,,,,,,,,,,,,,,,,,,,,,,,,,,,,,,,
,,,,,,,,,,,,,,,,,,,,,,,,,,,,,,,,,
,,,,,,,,,,,,,,,,,,,,,,,,,,,,,,,,,
,,,,,,,,,,,,,,,,,,,,,,,,,,,,,,,,,
,,,,,,,,,,,,,,,,,,,,,,,,,,,,,,,,,
,,,,,,,,,,,,,,,,,,,,,,,,,,,,,,,,,
,,,,,,,,,,,,,,,,,,,,,,,,,,,,,,,,,
,,,,,,,,,,,,,,,,,,,,,,,,,,,,,,,,,
,,,,,,,,,,,,,,,,,,,,,,,,,,,,,,,,,
,,,,,,,,,,,,,,,,,,,,,,,,,,,,,,,,,
,,,,,,,,,,,,,,,,,,,,,,,,,,,,,,,,,
,,,,,,,,,,,,,,,,,,,,,,,,,,,,,,,,,
,,,,,,,,,,,,,,,,,,,,,,,,,,,,,,,,,
,,,,,,,,,,,,,,,,,,,,,,,,,,,,,,,,,
,,,,,,,,,,,,,,,,,,,,,,,,,,,,,,,,,
,,,,,,,,,,,,,,,,,,,,,,,,,,,,,,,,,
,,,,,,,,,,,,,,,,,,,,,,,,,,,,,,,,,
,,,,,,,,,,,,,,,,,,,,,,,,,,,,,,,,,
,,,,,,,,,,,,,,,,,,,,,,,,,,,,,,,,,
,,,,,,,,,,,,,,,,,,,,,,,,,,,,,,,,,
,,,,,,,,,,,,,,,,,,,,,,,,,,,,,,,,,
,,,,,,,,,,,,,,,,,,,,,,,,,,,,,,,,,
,,,,,,,,,,,,,,,,,,,,,,,,,,,,,,,,,
,,,,,,,,,,,,,,,,,,,,,,,,,,,,,,,,,
,,,,,,,,,,,,,,,,,,,,,,,,,,,,,,,,,
,,,,,,,,,,,,,,,,,,,,,,,,,,,,,,,,,
,,,,,,,,,,,,,,,,,,,,,,,,,,,,,,,,,
,,,,,,,,,,,,,,,,,,,,,,,,,,,,,,,,,
,,,,,,,,,,,,,,,,,,,,,,,,,,,,,,,,,
,,,,,,,,,,,,,,,,,,,,,,,,,,,,,,,,,
,,,,,,,,,,,,,,,,,,,,,,,,,,,,,,,,,
,,,,,,,,,,,,,,,,,,,,,,,,,,,,,,,,,
,,,,,,,,,,,,,,,,,,,,,,,,,,,,,,,,,
,,,,,,,,,,,,,,,,,,,,,,,,,,,,,,,,,
,,,,,,,,,,,,,,,,,,,,,,,,,,,,,,,,,
,,,,,,,,,,,,,,,,,,,,,,,,,,,,,,,,,
,,,,,,,,,,,,,,,,,,,,,,,,,,,,,,,,,
,,,,,,,,,,,,,,,,,,,,,,,,,,,,,,,,,
,,,,,,,,,,,,,,,,,,,,,,,,,,,,,,,,,
,,,,,,,,,,,,,,,,,,,,,,,,,,,,,,,,,
,,,,,,,,,,,,,,,,,,,,,,,,,,,,,,,,,
,,,,,,,,,,,,,,,,,,,,,,,,,,,,,,,,,
,,,,,,,,,,,,,,,,,,,,,,,,,,,,,,,,,
,,,,,,,,,,,,,,,,,,,,,,,,,,,,,,,,,
,,,,,,,,,,,,,,,,,,,,,,,,,,,,,,,,,
,,,,,,,,,,,,,,,,,,,,,,,,,,,,,,,,,
,,,,,,,,,,,,,,,,,,,,,,,,,,,,,,,,,
,,,,,,,,,,,,,,,,,,,,,,,,,,,,,,,,,
,,,,,,,,,,,,,,,,,,,,,,,,,,,,,,,,,
,,,,,,,,,,,,,,,,,,,,,,,,,,,,,,,,,
,,,,,,,,,,,,,,,,,,,,,,,,,,,,,,,,,
,,,,,,,,,,,,,,,,,,,,,,,,,,,,,,,,,
,,,,,,,,,,,,,,,,,,,,,,,,,,,,,,,,,
,,,,,,,,,,,,,,,,,,,,,,,,,,,,,,,,,
,,,,,,,,,,,,,,,,,,,,,,,,,,,,,,,,,
,,,,,,,,,,,,,,,,,,,,,,,,,,,,,,,,,
,,,,,,,,,,,,,,,,,,,,,,,,,,,,,,,,,
,,,,,,,,,,,,,,,,,,,,,,,,,,,,,,,,,
,,,,,,,,,,,,,,,,,,,,,,,,,,,,,,,,,
,,,,,,,,,,,,,,,,,,,,,,,,,,,,,,,,,
,,,,,,,,,,,,,,,,,,,,,,,,,,,,,,,,,
,,,,,,,,,,,,,,,,,,,,,,,,,,,,,,,,,
,,,,,,,,,,,,,,,,,,,,,,,,,,,,,,,,,
,,,,,,,,,,,,,,,,,,,,,,,,,,,,,,,,,
,,,,,,,,,,,,,,,,,,,,,,,,,,,,,,,,,
,,,,,,,,,,,,,,,,,,,,,,,,,,,,,,,,,
,,,,,,,,,,,,,,,,,,,,,,,,,,,,,,,,,
,,,,,,,,,,,,,,,,,,,,,,,,,,,,,,,,,
,,,,,,,,,,,,,,,,,,,,,,,,,,,,,,,,,
,,,,,,,,,,,,,,,,,,,,,,,,,,,,,,,,,
,,,,,,,,,,,,,,,,,,,,,,,,,,,,,,,,,
,,,,,,,,,,,,,,,,,,,,,,,,,,,,,,,,,
,,,,,,,,,,,,,,,,,,,,,,,,,,,,,,,,,
,,,,,,,,,,,,,,,,,,,,,,,,,,,,,,,,,
,,,,,,,,,,,,,,,,,,,,,,,,,,,,,,,,,
,,,,,,,,,,,,,,,,,,,,,,,,,,,,,,,,,
,,,,,,,,,,,,,,,,,,,,,,,,,,,,,,,,,
,,,,,,,,,,,,,,,,,,,,,,,,,,,,,,,,,
,,,,,,,,,,,,,,,,,,,,,,,,,,,,,,,,,
,,,,,,,,,,,,,,,,,,,,,,,,,,,,,,,,,
,,,,,,,,,,,,,,,,,,,,,,,,,,,,,,,,,
,,,,,,,,,,,,,,,,,,,,,,,,,,,,,,,,,
,,,,,,,,,,,,,,,,,,,,,,,,,,,,,,,,,
,,,,,,,,,,,,,,,,,,,,,,,,,,,,,,,,,
,,,,,,,,,,,,,,,,,,,,,,,,,,,,,,,,,
,,,,,,,,,,,,,,,,,,,,,,,,,,,,,,,,,
,,,,,,,,,,,,,,,,,,,,,,,,,,,,,,,,,
,,,,,,,,,,,,,,,,,,,,,,,,,,,,,,,,,
,,,,,,,,,,,,,,,,,,,,,,,,,,,,,,,,,
,,,,,,,,,,,,,,,,,,,,,,,,,,,,,,,,,
,,,,,,,,,,,,,,,,,,,,,,,,,,,,,,,,,
,,,,,,,,,,,,,,,,,,,,,,,,,,,,,,,,,
,,,,,,,,,,,,,,,,,,,,,,,,,,,,,,,,,
,,,,,,,,,,,,,,,,,,,,,,,,,,,,,,,,,
,,,,,,,,,,,,,,,,,,,,,,,,,,,,,,,,,
,,,,,,,,,,,,,,,,,,,,,,,,,,,,,,,,,
,,,,,,,,,,,,,,,,,,,,,,,,,,,,,,,,,
,,,,,,,,,,,,,,,,,,,,,,,,,,,,,,,,,
,,,,,,,,,,,,,,,,,,,,,,,,,,,,,,,,,
,,,,,,,,,,,,,,,,,,,,,,,,,,,,,,,,,
,,,,,,,,,,,,,,,,,,,,,,,,,,,,,,,,,
,,,,,,,,,,,,,,,,,,,,,,,,,,,,,,,,,
,,,,,,,,,,,,,,,,,,,,,,,,,,,,,,,,,
,,,,,,,,,,,,,,,,,,,,,,,,,,,,,,,,,
,,,,,,,,,,,,,,,,,,,,,,,,,,,,,,,,,
,,,,,,,,,,,,,,,,,,,,,,,,,,,,,,,,,
,,,,,,,,,,,,,,,,,,,,,,,,,,,,,,,,,
,,,,,,,,,,,,,,,,,,,,,,,,,,,,,,,,,
,,,,,,,,,,,,,,,,,,,,,,,,,,,,,,,,,
,,,,,,,,,,,,,,,,,,,,,,,,,,,,,,,,,
,,,,,,,,,,,,,,,,,,,,,,,,,,,,,,,,,
,,,,,,,,,,,,,,,,,,,,,,,,,,,,,,,,,
,,,,,,,,,,,,,,,,,,,,,,,,,,,,,,,,,
,,,,,,,,,,,,,,,,,,,,,,,,,,,,,,,,,
,,,,,,,,,,,,,,,,,,,,,,,,,,,,,,,,,
,,,,,,,,,,,,,,,,,,,,,,,,,,,,,,,,,
,,,,,,,,,,,,,,,,,,,,,,,,,,,,,,,,,
,,,,,,,,,,,,,,,,,,,,,,,,,,,,,,,,,
,,,,,,,,,,,,,,,,,,,,,,,,,,,,,,,,,
,,,,,,,,,,,,,,,,,,,,,,,,,,,,,,,,,
,,,,,,,,,,,,,,,,,,,,,,,,,,,,,,,,,
,,,,,,,,,,,,,,,,,,,,,,,,,,,,,,,,,
,,,,,,,,,,,,,,,,,,,,,,,,,,,,,,,,,
,,,,,,,,,,,,,,,,,,,,,,,,,,,,,,,,,
,,,,,,,,,,,,,,,,,,,,,,,,,,,,,,,,,
,,,,,,,,,,,,,,,,,,,,,,,,,,,,,,,,,
,,,,,,,,,,,,,,,,,,,,,,,,,,,,,,,,,
,,,,,,,,,,,,,,,,,,,,,,,,,,,,,,,,,
,,,,,,,,,,,,,,,,,,,,,,,,,,,,,,,,,
,,,,,,,,,,,,,,,,,,,,,,,,,,,,,,,,,
,,,,,,,,,,,,,,,,,,,,,,,,,,,,,,,,,
,,,,,,,,,,,,,,,,,,,,,,,,,,,,,,,,,
,,,,,,,,,,,,,,,,,,,,,,,,,,,,,,,,,
,,,,,,,,,,,,,,,,,,,,,,,,,,,,,,,,,
,,,,,,,,,,,,,,,,,,,,,,,,,,,,,,,,,
,,,,,,,,,,,,,,,,,,,,,,,,,,,,,,,,,
,,,,,,,,,,,,,,,,,,,,,,,,,,,,,,,,,
,,,,,,,,,,,,,,,,,,,,,,,,,,,,,,,,,
,,,,,,,,,,,,,,,,,,,,,,,,,,,,,,,,,
,,,,,,,,,,,,,,,,,,,,,,,,,,,,,,,,,
,,,,,,,,,,,,,,,,,,,,,,,,,,,,,,,,,
,,,,,,,,,,,,,,,,,,,,,,,,,,,,,,,,,
,,,,,,,,,,,,,,,,,,,,,,,,,,,,,,,,,
,,,,,,,,,,,,,,,,,,,,,,,,,,,,,,,,,
,,,,,,,,,,,,,,,,,,,,,,,,,,,,,,,,,
,,,,,,,,,,,,,,,,,,,,,,,,,,,,,,,,,
,,,,,,,,,,,,,,,,,,,,,,,,,,,,,,,,,
,,,,,,,,,,,,,,,,,,,,,,,,,,,,,,,,,
,,,,,,,,,,,,,,,,,,,,,,,,,,,,,,,,,
,,,,,,,,,,,,,,,,,,,,,,,,,,,,,,,,,
,,,,,,,,,,,,,,,,,,,,,,,,,,,,,,,,,
,,,,,,,,,,,,,,,,,,,,,,,,,,,,,,,,,
,,,,,,,,,,,,,,,,,,,,,,,,,,,,,,,,,
,,,,,,,,,,,,,,,,,,,,,,,,,,,,,,,,,
,,,,,,,,,,,,,,,,,,,,,,,,,,,,,,,,,
,,,,,,,,,,,,,,,,,,,,,,,,,,,,,,,,,
,,,,,,,,,,,,,,,,,,,,,,,,,,,,,,,,,
,,,,,,,,,,,,,,,,,,,,,,,,,,,,,,,,,
,,,,,,,,,,,,,,,,,,,,,,,,,,,,,,,,,
,,,,,,,,,,,,,,,,,,,,,,,,,,,,,,,,,
,,,,,,,,,,,,,,,,,,,,,,,,,,,,,,,,,
,,,,,,,,,,,,,,,,,,,,,,,,,,,,,,,,,
,,,,,,,,,,,,,,,,,,,,,,,,,,,,,,,,,
,,,,,,,,,,,,,,,,,,,,,,,,,,,,,,,,,
,,,,,,,,,,,,,,,,,,,,,,,,,,,,,,,,,
,,,,,,,,,,,,,,,,,,,,,,,,,,,,,,,,,
,,,,,,,,,,,,,,,,,,,,,,,,,,,,,,,,,
,,,,,,,,,,,,,,,,,,,,,,,,,,,,,,,,,
,,,,,,,,,,,,,,,,,,,,,,,,,,,,,,,,,
,,,,,,,,,,,,,,,,,,,,,,,,,,,,,,,,,
,,,,,,,,,,,,,,,,,,,,,,,,,,,,,,,,,
,,,,,,,,,,,,,,,,,,,,,,,,,,,,,,,,,
,,,,,,,,,,,,,,,,,,,,,,,,,,,,,,,,,
,,,,,,,,,,,,,,,,,,,,,,,,,,,,,,,,,
,,,,,,,,,,,,,,,,,,,,,,,,,,,,,,,,,
,,,,,,,,,,,,,,,,,,,,,,,,,,,,,,,,,
,,,,,,,,,,,,,,,,,,,,,,,,,,,,,,,,,
,,,,,,,,,,,,,,,,,,,,,,,,,,,,,,,,,
,,,,,,,,,,,,,,,,,,,,,,,,,,,,,,,,,
,,,,,,,,,,,,,,,,,,,,,,,,,,,,,,,,,
,,,,,,,,,,,,,,,,,,,,,,,,,,,,,,,,,
,,,,,,,,,,,,,,,,,,,,,,,,,,,,,,,,,
,,,,,,,,,,,,,,,,,,,,,,,,,,,,,,,,,
,,,,,,,,,,,,,,,,,,,,,,,,,,,,,,,,,
,,,,,,,,,,,,,,,,,,,,,,,,,,,,,,,,,
,,,,,,,,,,,,,,,,,,,,,,,,,,,,,,,,,
,,,,,,,,,,,,,,,,,,,,,,,,,,,,,,,,,
,,,,,,,,,,,,,,,,,,,,,,,,,,,,,,,,,
,,,,,,,,,,,,,,,,,,,,,,,,,,,,,,,,,
,,,,,,,,,,,,,,,,,,,,,,,,,,,,,,,,,
,,,,,,,,,,,,,,,,,,,,,,,,,,,,,,,,,
,,,,,,,,,,,,,,,,,,,,,,,,,,,,,,,,,
,,,,,,,,,,,,,,,,,,,,,,,,,,,,,,,,,
,,,,,,,,,,,,,,,,,,,,,,,,,,,,,,,,,
,,,,,,,,,,,,,,,,,,,,,,,,,,,,,,,,,
,,,,,,,,,,,,,,,,,,,,,,,,,,,,,,,,,
,,,,,,,,,,,,,,,,,,,,,,,,,,,,,,,,,
,,,,,,,,,,,,,,,,,,,,,,,,,,,,,,,,,
,,,,,,,,,,,,,,,,,,,,,,,,,,,,,,,,,
,,,,,,,,,,,,,,,,,,,,,,,,,,,,,,,,,
,,,,,,,,,,,,,,,,,,,,,,,,,,,,,,,,,
,,,,,,,,,,,,,,,,,,,,,,,,,,,,,,,,,
,,,,,,,,,,,,,,,,,,,,,,,,,,,,,,,,,
,,,,,,,,,,,,,,,,,,,,,,,,,,,,,,,,,
,,,,,,,,,,,,,,,,,,,,,,,,,,,,,,,,,
,,,,,,,,,,,,,,,,,,,,,,,,,,,,,,,,,
,,,,,,,,,,,,,,,,,,,,,,,,,,,,,,,,,
,,,,,,,,,,,,,,,,,,,,,,,,,,,,,,,,,
,,,,,,,,,,,,,,,,,,,,,,,,,,,,,,,,,
,,,,,,,,,,,,,,,,,,,,,,,,,,,,,,,,,
,,,,,,,,,,,,,,,,,,,,,,,,,,,,,,,,,
,,,,,,,,,,,,,,,,,,,,,,,,,,,,,,,,,
,,,,,,,,,,,,,,,,,,,,,,,,,,,,,,,,,
,,,,,,,,,,,,,,,,,,,,,,,,,,,,,,,,,
,,,,,,,,,,,,,,,,,,,,,,,,,,,,,,,,,
,,,,,,,,,,,,,,,,,,,,,,,,,,,,,,,,,
,,,,,,,,,,,,,,,,,,,,,,,,,,,,,,,,,
,,,,,,,,,,,,,,,,,,,,,,,,,,,,,,,,,
,,,,,,,,,,,,,,,,,,,,,,,,,,,,,,,,,
,,,,,,,,,,,,,,,,,,,,,,,,,,,,,,,,,
,,,,,,,,,,,,,,,,,,,,,,,,,,,,,,,,,
,,,,,,,,,,,,,,,,,,,,,,,,,,,,,,,,,
,,,,,,,,,,,,,,,,,,,,,,,,,,,,,,,,,
,,,,,,,,,,,,,,,,,,,,,,,,,,,,,,,,,
,,,,,,,,,,,,,,,,,,,,,,,,,,,,,,,,,
,,,,,,,,,,,,,,,,,,,,,,,,,,,,,,,,,
,,,,,,,,,,,,,,,,,,,,,,,,,,,,,,,,,
,,,,,,,,,,,,,,,,,,,,,,,,,,,,,,,,,
,,,,,,,,,,,,,,,,,,,,,,,,,,,,,,,,,
,,,,,,,,,,,,,,,,,,,,,,,,,,,,,,,,,
,,,,,,,,,,,,,,,,,,,,,,,,,,,,,,,,,
,,,,,,,,,,,,,,,,,,,,,,,,,,,,,,,,,
,,,,,,,,,,,,,,,,,,,,,,,,,,,,,,,,,
,,,,,,,,,,,,,,,,,,,,,,,,,,,,,,,,,
,,,,,,,,,,,,,,,,,,,,,,,,,,,,,,,,,
,,,,,,,,,,,,,,,,,,,,,,,,,,,,,,,,,
,,,,,,,,,,,,,,,,,,,,,,,,,,,,,,,,,
,,,,,,,,,,,,,,,,,,,,,,,,,,,,,,,,,
,,,,,,,,,,,,,,,,,,,,,,,,,,,,,,,,,
,,,,,,,,,,,,,,,,,,,,,,,,,,,,,,,,,
,,,,,,,,,,,,,,,,,,,,,,,,,,,,,,,,,
,,,,,,,,,,,,,,,,,,,,,,,,,,,,,,,,,
,,,,,,,,,,,,,,,,,,,,,,,,,,,,,,,,,
,,,,,,,,,,,,,,,,,,,,,,,,,,,,,,,,,
,,,,,,,,,,,,,,,,,,,,,,,,,,,,,,,,,
,,,,,,,,,,,,,,,,,,,,,,,,,,,,,,,,,
,,,,,,,,,,,,,,,,,,,,,,,,,,,,,,,,,
,,,,,,,,,,,,,,,,,,,,,,,,,,,,,,,,,
,,,,,,,,,,,,,,,,,,,,,,,,,,,,,,,,,
,,,,,,,,,,,,,,,,,,,,,,,,,,,,,,,,,
,,,,,,,,,,,,,,,,,,,,,,,,,,,,,,,,,
,,,,,,,,,,,,,,,,,,,,,,,,,,,,,,,,,
,,,,,,,,,,,,,,,,,,,,,,,,,,,,,,,,,
,,,,,,,,,,,,,,,,,,,,,,,,,,,,,,,,,
,,,,,,,,,,,,,,,,,,,,,,,,,,,,,,,,,
,,,,,,,,,,,,,,,,,,,,,,,,,,,,,,,,,
,,,,,,,,,,,,,,,,,,,,,,,,,,,,,,,,,
,,,,,,,,,,,,,,,,,,,,,,,,,,,,,,,,,
,,,,,,,,,,,,,,,,,,,,,,,,,,,,,,,,,
,,,,,,,,,,,,,,,,,,,,,,,,,,,,,,,,,
,,,,,,,,,,,,,,,,,,,,,,,,,,,,,,,,,
,,,,,,,,,,,,,,,,,,,,,,,,,,,,,,,,,
,,,,,,,,,,,,,,,,,,,,,,,,,,,,,,,,,
,,,,,,,,,,,,,,,,,,,,,,,,,,,,,,,,,
,,,,,,,,,,,,,,,,,,,,,,,,,,,,,,,,,
,,,,,,,,,,,,,,,,,,,,,,,,,,,,,,,,,
,,,,,,,,,,,,,,,,,,,,,,,,,,,,,,,,,
,,,,,,,,,,,,,,,,,,,,,,,,,,,,,,,,,
,,,,,,,,,,,,,,,,,,,,,,,,,,,,,,,,,
,,,,,,,,,,,,,,,,,,,,,,,,,,,,,,,,,
,,,,,,,,,,,,,,,,,,,,,,,,,,,,,,,,,
,,,,,,,,,,,,,,,,,,,,,,,,,,,,,,,,,
,,,,,,,,,,,,,,,,,,,,,,,,,,,,,,,,,
,,,,,,,,,,,,,,,,,,,,,,,,,,,,,,,,,
,,,,,,,,,,,,,,,,,,,,,,,,,,,,,,,,,
,,,,,,,,,,,,,,,,,,,,,,,,,,,,,,,,,
,,,,,,,,,,,,,,,,,,,,,,,,,,,,,,,,,
,,,,,,,,,,,,,,,,,,,,,,,,,,,,,,,,,
,,,,,,,,,,,,,,,,,,,,,,,,,,,,,,,,,
,,,,,,,,,,,,,,,,,,,,,,,,,,,,,,,,,
,,,,,,,,,,,,,,,,,,,,,,,,,,,,,,,,,
,,,,,,,,,,,,,,,,,,,,,,,,,,,,,,,,,
,,,,,,,,,,,,,,,,,,,,,,,,,,,,,,,,,
,,,,,,,,,,,,,,,,,,,,,,,,,,,,,,,,,
,,,,,,,,,,,,,,,,,,,,,,,,,,,,,,,,,
,,,,,,,,,,,,,,,,,,,,,,,,,,,,,,,,,
,,,,,,,,,,,,,,,,,,,,,,,,,,,,,,,,,
,,,,,,,,,,,,,,,,,,,,,,,,,,,,,,,,,
,,,,,,,,,,,,,,,,,,,,,,,,,,,,,,,,,
,,,,,,,,,,,,,,,,,,,,,,,,,,,,,,,,,
,,,,,,,,,,,,,,,,,,,,,,,,,,,,,,,,,
,,,,,,,,,,,,,,,,,,,,,,,,,,,,,,,,,
,,,,,,,,,,,,,,,,,,,,,,,,,,,,,,,,,
,,,,,,,,,,,,,,,,,,,,,,,,,,,,,,,,,
,,,,,,,,,,,,,,,,,,,,,,,,,,,,,,,,,
,,,,,,,,,,,,,,,,,,,,,,,,,,,,,,,,,
,,,,,,,,,,,,,,,,,,,,,,,,,,,,,,,,,
,,,,,,,,,,,,,,,,,,,,,,,,,,,,,,,,,
,,,,,,,,,,,,,,,,,,,,,,,,,,,,,,,,,
,,,,,,,,,,,,,,,,,,,,,,,,,,,,,,,,,
,,,,,,,,,,,,,,,,,,,,,,,,,,,,,,,,,
,,,,,,,,,,,,,,,,,,,,,,,,,,,,,,,,,
,,,,,,,,,,,,,,,,,,,,,,,,,,,,,,,,,
,,,,,,,,,,,,,,,,,,,,,,,,,,,,,,,,,
,,,,,,,,,,,,,,,,,,,,,,,,,,,,,,,,,
,,,,,,,,,,,,,,,,,,,,,,,,,,,,,,,,,
,,,,,,,,,,,,,,,,,,,,,,,,,,,,,,,,,
,,,,,,,,,,,,,,,,,,,,,,,,,,,,,,,,,
,,,,,,,,,,,,,,,,,,,,,,,,,,,,,,,,,
,,,,,,,,,,,,,,,,,,,,,,,,,,,,,,,,,
,,,,,,,,,,,,,,,,,,,,,,,,,,,,,,,,,
,,,,,,,,,,,,,,,,,,,,,,,,,,,,,,,,,
,,,,,,,,,,,,,,,,,,,,,,,,,,,,,,,,,
,,,,,,,,,,,,,,,,,,,,,,,,,,,,,,,,,
,,,,,,,,,,,,,,,,,,,,,,,,,,,,,,,,,
,,,,,,,,,,,,,,,,,,,,,,,,,,,,,,,,,
,,,,,,,,,,,,,,,,,,,,,,,,,,,,,,,,,
,,,,,,,,,,,,,,,,,,,,,,,,,,,,,,,,,
,,,,,,,,,,,,,,,,,,,,,,,,,,,,,,,,,
,,,,,,,,,,,,,,,,,,,,,,,,,,,,,,,,,
,,,,,,,,,,,,,,,,,,,,,,,,,,,,,,,,,
,,,,,,,,,,,,,,,,,,,,,,,,,,,,,,,,,
,,,,,,,,,,,,,,,,,,,,,,,,,,,,,,,,,
,,,,,,,,,,,,,,,,,,,,,,,,,,,,,,,,,
,,,,,,,,,,,,,,,,,,,,,,,,,,,,,,,,,
,,,,,,,,,,,,,,,,,,,,,,,,,,,,,,,,,
,,,,,,,,,,,,,,,,,,,,,,,,,,,,,,,,,
,,,,,,,,,,,,,,,,,,,,,,,,,,,,,,,,,
,,,,,,,,,,,,,,,,,,,,,,,,,,,,,,,,,
,,,,,,,,,,,,,,,,,,,,,,,,,,,,,,,,,
,,,,,,,,,,,,,,,,,,,,,,,,,,,,,,,,,
,,,,,,,,,,,,,,,,,,,,,,,,,,,,,,,,,
,,,,,,,,,,,,,,,,,,,,,,,,,,,,,,,,,
,,,,,,,,,,,,,,,,,,,,,,,,,,,,,,,,,
,,,,,,,,,,,,,,,,,,,,,,,,,,,,,,,,,
,,,,,,,,,,,,,,,,,,,,,,,,,,,,,,,,,
,,,,,,,,,,,,,,,,,,,,,,,,,,,,,,,,,
,,,,,,,,,,,,,,,,,,,,,,,,,,,,,,,,,
,,,,,,,,,,,,,,,,,,,,,,,,,,,,,,,,,
,,,,,,,,,,,,,,,,,,,,,,,,,,,,,,,,,
,,,,,,,,,,,,,,,,,,,,,,,,,,,,,,,,,
,,,,,,,,,,,,,,,,,,,,,,,,,,,,,,,,,
,,,,,,,,,,,,,,,,,,,,,,,,,,,,,,,,,
,,,,,,,,,,,,,,,,,,,,,,,,,,,,,,,,,
,,,,,,,,,,,,,,,,,,,,,,,,,,,,,,,,,
,,,,,,,,,,,,,,,,,,,,,,,,,,,,,,,,,
,,,,,,,,,,,,,,,,,,,,,,,,,,,,,,,,,
,,,,,,,,,,,,,,,,,,,,,,,,,,,,,,,,,
,,,,,,,,,,,,,,,,,,,,,,,,,,,,,,,,,
,,,,,,,,,,,,,,,,,,,,,,,,,,,,,,,,,
,,,,,,,,,,,,,,,,,,,,,,,,,,,,,,,,,
,,,,,,,,,,,,,,,,,,,,,,,,,,,,,,,,,
,,,,,,,,,,,,,,,,,,,,,,,,,,,,,,,,,
,,,,,,,,,,,,,,,,,,,,,,,,,,,,,,,,,
,,,,,,,,,,,,,,,,,,,,,,,,,,,,,,,,,
,,,,,,,,,,,,,,,,,,,,,,,,,,,,,,,,,
,,,,,,,,,,,,,,,,,,,,,,,,,,,,,,,,,
,,,,,,,,,,,,,,,,,,,,,,,,,,,,,,,,,
,,,,,,,,,,,,,,,,,,,,,,,,,,,,,,,,,
,,,,,,,,,,,,,,,,,,,,,,,,,,,,,,,,,
,,,,,,,,,,,,,,,,,,,,,,,,,,,,,,,,,
,,,,,,,,,,,,,,,,,,,,,,,,,,,,,,,,,
,,,,,,,,,,,,,,,,,,,,,,,,,,,,,,,,,
,,,,,,,,,,,,,,,,,,,,,,,,,,,,,,,,,
,,,,,,,,,,,,,,,,,,,,,,,,,,,,,,,,,
,,,,,,,,,,,,,,,,,,,,,,,,,,,,,,,,,
,,,,,,,,,,,,,,,,,,,,,,,,,,,,,,,,,
,,,,,,,,,,,,,,,,,,,,,,,,,,,,,,,,,
,,,,,,,,,,,,,,,,,,,,,,,,,,,,,,,,,
,,,,,,,,,,,,,,,,,,,,,,,,,,,,,,,,,
,,,,,,,,,,,,,,,,,,,,,,,,,,,,,,,,,
,,,,,,,,,,,,,,,,,,,,,,,,,,,,,,,,,
,,,,,,,,,,,,,,,,,,,,,,,,,,,,,,,,,
,,,,,,,,,,,,,,,,,,,,,,,,,,,,,,,,,
,,,,,,,,,,,,,,,,,,,,,,,,,,,,,,,,,
,,,,,,,,,,,,,,,,,,,,,,,,,,,,,,,,,
,,,,,,,,,,,,,,,,,,,,,,,,,,,,,,,,,
,,,,,,,,,,,,,,,,,,,,,,,,,,,,,,,,,
,,,,,,,,,,,,,,,,,,,,,,,,,,,,,,,,,
,,,,,,,,,,,,,,,,,,,,,,,,,,,,,,,,,
,,,,,,,,,,,,,,,,,,,,,,,,,,,,,,,,,
,,,,,,,,,,,,,,,,,,,,,,,,,,,,,,,,,
,,,,,,,,,,,,,,,,,,,,,,,,,,,,,,,,,
,,,,,,,,,,,,,,,,,,,,,,,,,,,,,,,,,
,,,,,,,,,,,,,,,,,,,,,,,,,,,,,,,,,
,,,,,,,,,,,,,,,,,,,,,,,,,,,,,,,,,
,,,,,,,,,,,,,,,,,,,,,,,,,,,,,,,,,
,,,,,,,,,,,,,,,,,,,,,,,,,,,,,,,,,
,,,,,,,,,,,,,,,,,,,,,,,,,,,,,,,,,
,,,,,,,,,,,,,,,,,,,,,,,,,,,,,,,,,
,,,,,,,,,,,,,,,,,,,,,,,,,,,,,,,,,
,,,,,,,,,,,,,,,,,,,,,,,,,,,,,,,,,
,,,,,,,,,,,,,,,,,,,,,,,,,,,,,,,,,
,,,,,,,,,,,,,,,,,,,,,,,,,,,,,,,,,
,,,,,,,,,,,,,,,,,,,,,,,,,,,,,,,,,
,,,,,,,,,,,,,,,,,,,,,,,,,,,,,,,,,
,,,,,,,,,,,,,,,,,,,,,,,,,,,,,,,,,
,,,,,,,,,,,,,,,,,,,,,,,,,,,,,,,,,
,,,,,,,,,,,,,,,,,,,,,,,,,,,,,,,,,
,,,,,,,,,,,,,,,,,,,,,,,,,,,,,,,,,
,,,,,,,,,,,,,,,,,,,,,,,,,,,,,,,,,
,,,,,,,,,,,,,,,,,,,,,,,,,,,,,,,,,
,,,,,,,,,,,,,,,,,,,,,,,,,,,,,,,,,
,,,,,,,,,,,,,,,,,,,,,,,,,,,,,,,,,
,,,,,,,,,,,,,,,,,,,,,,,,,,,,,,,,,
,,,,,,,,,,,,,,,,,,,,,,,,,,,,,,,,,
,,,,,,,,,,,,,,,,,,,,,,,,,,,,,,,,,
,,,,,,,,,,,,,,,,,,,,,,,,,,,,,,,,,
,,,,,,,,,,,,,,,,,,,,,,,,,,,,,,,,,
,,,,,,,,,,,,,,,,,,,,,,,,,,,,,,,,,
,,,,,,,,,,,,,,,,,,,,,,,,,,,,,,,,,
,,,,,,,,,,,,,,,,,,,,,,,,,,,,,,,,,
,,,,,,,,,,,,,,,,,,,,,,,,,,,,,,,,,
,,,,,,,,,,,,,,,,,,,,,,,,,,,,,,,,,
,,,,,,,,,,,,,,,,,,,,,,,,,,,,,,,,,
,,,,,,,,,,,,,,,,,,,,,,,,,,,,,,,,,
,,,,,,,,,,,,,,,,,,,,,,,,,,,,,,,,,
,,,,,,,,,,,,,,,,,,,,,,,,,,,,,,,,,
,,,,,,,,,,,,,,,,,,,,,,,,,,,,,,,,,
,,,,,,,,,,,,,,,,,,,,,,,,,,,,,,,,,
,,,,,,,,,,,,,,,,,,,,,,,,,,,,,,,,,
,,,,,,,,,,,,,,,,,,,,,,,,,,,,,,,,,
,,,,,,,,,,,,,,,,,,,,,,,,,,,,,,,,,
,,,,,,,,,,,,,,,,,,,,,,,,,,,,,,,,,
,,,,,,,,,,,,,,,,,,,,,,,,,,,,,,,,,
,,,,,,,,,,,,,,,,,,,,,,,,,,,,,,,,,
,,,,,,,,,,,,,,,,,,,,,,,,,,,,,,,,,
,,,,,,,,,,,,,,,,,,,,,,,,,,,,,,,,,
,,,,,,,,,,,,,,,,,,,,,,,,,,,,,,,,,
,,,,,,,,,,,,,,,,,,,,,,,,,,,,,,,,,
,,,,,,,,,,,,,,,,,,,,,,,,,,,,,,,,,
,,,,,,,,,,,,,,,,,,,,,,,,,,,,,,,,,
,,,,,,,,,,,,,,,,,,,,,,,,,,,,,,,,,
,,,,,,,,,,,,,,,,,,,,,,,,,,,,,,,,,
,,,,,,,,,,,,,,,,,,,,,,,,,,,,,,,,,
,,,,,,,,,,,,,,,,,,,,,,,,,,,,,,,,,
,,,,,,,,,,,,,,,,,,,,,,,,,,,,,,,,,
,,,,,,,,,,,,,,,,,,,,,,,,,,,,,,,,,
,,,,,,,,,,,,,,,,,,,,,,,,,,,,,,,,,
,,,,,,,,,,,,,,,,,,,,,,,,,,,,,,,,,
,,,,,,,,,,,,,,,,,,,,,,,,,,,,,,,,,
,,,,,,,,,,,,,,,,,,,,,,,,,,,,,,,,,
,,,,,,,,,,,,,,,,,,,,,,,,,,,,,,,,,
,,,,,,,,,,,,,,,,,,,,,,,,,,,,,,,,,
,,,,,,,,,,,,,,,,,,,,,,,,,,,,,,,,,
,,,,,,,,,,,,,,,,,,,,,,,,,,,,,,,,,
,,,,,,,,,,,,,,,,,,,,,,,,,,,,,,,,,
,,,,,,,,,,,,,,,,,,,,,,,,,,,,,,,,,
,,,,,,,,,,,,,,,,,,,,,,,,,,,,,,,,,
,,,,,,,,,,,,,,,,,,,,,,,,,,,,,,,,,
,,,,,,,,,,,,,,,,,,,,,,,,,,,,,,,,,
,,,,,,,,,,,,,,,,,,,,,,,,,,,,,,,,,
,,,,,,,,,,,,,,,,,,,,,,,,,,,,,,,,,
,,,,,,,,,,,,,,,,,,,,,,,,,,,,,,,,,
,,,,,,,,,,,,,,,,,,,,,,,,,,,,,,,,,
,,,,,,,,,,,,,,,,,,,,,,,,,,,,,,,,,
,,,,,,,,,,,,,,,,,,,,,,,,,,,,,,,,,
,,,,,,,,,,,,,,,,,,,,,,,,,,,,,,,,,
,,,,,,,,,,,,,,,,,,,,,,,,,,,,,,,,,
,,,,,,,,,,,,,,,,,,,,,,,,,,,,,,,,,
,,,,,,,,,,,,,,,,,,,,,,,,,,,,,,,,,
,,,,,,,,,,,,,,,,,,,,,,,,,,,,,,,,,
,,,,,,,,,,,,,,,,,,,,,,,,,,,,,,,,,
,,,,,,,,,,,,,,,,,,,,,,,,,,,,,,,,,
,,,,,,,,,,,,,,,,,,,,,,,,,,,,,,,,,
,,,,,,,,,,,,,,,,,,,,,,,,,,,,,,,,,
,,,,,,,,,,,,,,,,,,,,,,,,,,,,,,,,,
,,,,,,,,,,,,,,,,,,,,,,,,,,,,,,,,,
,,,,,,,,,,,,,,,,,,,,,,,,,,,,,,,,,
,,,,,,,,,,,,,,,,,,,,,,,,,,,,,,,,,
,,,,,,,,,,,,,,,,,,,,,,,,,,,,,,,,,
,,,,,,,,,,,,,,,,,,,,,,,,,,,,,,,,,
,,,,,,,,,,,,,,,,,,,,,,,,,,,,,,,,,
,,,,,,,,,,,,,,,,,,,,,,,,,,,,,,,,,
,,,,,,,,,,,,,,,,,,,,,,,,,,,,,,,,,
,,,,,,,,,,,,,,,,,,,,,,,,,,,,,,,,,
,,,,,,,,,,,,,,,,,,,,,,,,,,,,,,,,,
,,,,,,,,,,,,,,,,,,,,,,,,,,,,,,,,,
,,,,,,,,,,,,,,,,,,,,,,,,,,,,,,,,,
,,,,,,,,,,,,,,,,,,,,,,,,,,,,,,,,,
,,,,,,,,,,,,,,,,,,,,,,,,,,,,,,,,,
,,,,,,,,,,,,,,,,,,,,,,,,,,,,,,,,,
,,,,,,,,,,,,,,,,,,,,,,,,,,,,,,,,,
,,,,,,,,,,,,,,,,,,,,,,,,,,,,,,,,,
,,,,,,,,,,,,,,,,,,,,,,,,,,,,,,,,,
,,,,,,,,,,,,,,,,,,,,,,,,,,,,,,,,,
,,,,,,,,,,,,,,,,,,,,,,,,,,,,,,,,,
,,,,,,,,,,,,,,,,,,,,,,,,,,,,,,,,,
,,,,,,,,,,,,,,,,,,,,,,,,,,,,,,,,,
,,,,,,,,,,,,,,,,,,,,,,,,,,,,,,,,,
,,,,,,,,,,,,,,,,,,,,,,,,,,,,,,,,,
,,,,,,,,,,,,,,,,,,,,,,,,,,,,,,,,,
,,,,,,,,,,,,,,,,,,,,,,,,,,,,,,,,,
,,,,,,,,,,,,,,,,,,,,,,,,,,,,,,,,,
,,,,,,,,,,,,,,,,,,,,,,,,,,,,,,,,,
,,,,,,,,,,,,,,,,,,,,,,,,,,,,,,,,,
,,,,,,,,,,,,,,,,,,,,,,,,,,,,,,,,,
,,,,,,,,,,,,,,,,,,,,,,,,,,,,,,,,,
,,,,,,,,,,,,,,,,,,,,,,,,,,,,,,,,,
,,,,,,,,,,,,,,,,,,,,,,,,,,,,,,,,,
,,,,,,,,,,,,,,,,,,,,,,,,,,,,,,,,,
,,,,,,,,,,,,,,,,,,,,,,,,,,,,,,,,,
,,,,,,,,,,,,,,,,,,,,,,,,,,,,,,,,,
,,,,,,,,,,,,,,,,,,,,,,,,,,,,,,,,,
,,,,,,,,,,,,,,,,,,,,,,,,,,,,,,,,,
,,,,,,,,,,,,,,,,,,,,,,,,,,,,,,,,,
,,,,,,,,,,,,,,,,,,,,,,,,,,,,,,,,,
,,,,,,,,,,,,,,,,,,,,,,,,,,,,,,,,,
,,,,,,,,,,,,,,,,,,,,,,,,,,,,,,,,,
,,,,,,,,,,,,,,,,,,,,,,,,,,,,,,,,,
,,,,,,,,,,,,,,,,,,,,,,,,,,,,,,,,,
,,,,,,,,,,,,,,,,,,,,,,,,,,,,,,,,,
,,,,,,,,,,,,,,,,,,,,,,,,,,,,,,,,,
,,,,,,,,,,,,,,,,,,,,,,,,,,,,,,,,,
,,,,,,,,,,,,,,,,,,,,,,,,,,,,,,,,,
,,,,,,,,,,,,,,,,,,,,,,,,,,,,,,,,,
,,,,,,,,,,,,,,,,,,,,,,,,,,,,,,,,,
,,,,,,,,,,,,,,,,,,,,,,,,,,,,,,,,,
,,,,,,,,,,,,,,,,,,,,,,,,,,,,,,,,,
,,,,,,,,,,,,,,,,,,,,,,,,,,,,,,,,,
,,,,,,,,,,,,,,,,,,,,,,,,,,,,,,,,,
,,,,,,,,,,,,,,,,,,,,,,,,,,,,,,,,,
,,,,,,,,,,,,,,,,,,,,,,,,,,,,,,,,,
,,,,,,,,,,,,,,,,,,,,,,,,,,,,,,,,,
,,,,,,,,,,,,,,,,,,,,,,,,,,,,,,,,,
,,,,,,,,,,,,,,,,,,,,,,,,,,,,,,,,,
,,,,,,,,,,,,,,,,,,,,,,,,,,,,,,,,,
,,,,,,,,,,,,,,,,,,,,,,,,,,,,,,,,,
,,,,,,,,,,,,,,,,,,,,,,,,,,,,,,,,,
,,,,,,,,,,,,,,,,,,,,,,,,,,,,,,,,,
,,,,,,,,,,,,,,,,,,,,,,,,,,,,,,,,,
,,,,,,,,,,,,,,,,,,,,,,,,,,,,,,,,,
,,,,,,,,,,,,,,,,,,,,,,,,,,,,,,,,,
,,,,,,,,,,,,,,,,,,,,,,,,,,,,,,,,,
,,,,,,,,,,,,,,,,,,,,,,,,,,,,,,,,,
,,,,,,,,,,,,,,,,,,,,,,,,,,,,,,,,,
,,,,,,,,,,,,,,,,,,,,,,,,,,,,,,,,,
,,,,,,,,,,,,,,,,,,,,,,,,,,,,,,,,,
,,,,,,,,,,,,,,,,,,,,,,,,,,,,,,,,,
,,,,,,,,,,,,,,,,,,,,,,,,,,,,,,,,,
,,,,,,,,,,,,,,,,,,,,,,,,,,,,,,,,,
,,,,,,,,,,,,,,,,,,,,,,,,,,,,,,,,,
,,,,,,,,,,,,,,,,,,,,,,,,,,,,,,,,,
,,,,,,,,,,,,,,,,,,,,,,,,,,,,,,,,,
,,,,,,,,,,,,,,,,,,,,,,,,,,,,,,,,,
,,,,,,,,,,,,,,,,,,,,,,,,,,,,,,,,,
,,,,,,,,,,,,,,,,,,,,,,,,,,,,,,,,,
,,,,,,,,,,,,,,,,,,,,,,,,,,,,,,,,,
,,,,,,,,,,,,,,,,,,,,,,,,,,,,,,,,,
,,,,,,,,,,,,,,,,,,,,,,,,,,,,,,,,,
,,,,,,,,,,,,,,,,,,,,,,,,,,,,,,,,,
,,,,,,,,,,,,,,,,,,,,,,,,,,,,,,,,,
,,,,,,,,,,,,,,,,,,,,,,,,,,,,,,,,,
,,,,,,,,,,,,,,,,,,,,,,,,,,,,,,,,,
,,,,,,,,,,,,,,,,,,,,,,,,,,,,,,,,,
,,,,,,,,,,,,,,,,,,,,,,,,,,,,,,,,,
,,,,,,,,,,,,,,,,,,,,,,,,,,,,,,,,,
,,,,,,,,,,,,,,,,,,,,,,,,,,,,,,,,,
,,,,,,,,,,,,,,,,,,,,,,,,,,,,,,,,,
,,,,,,,,,,,,,,,,,,,,,,,,,,,,,,,,,
,,,,,,,,,,,,,,,,,,,,,,,,,,,,,,,,,
,,,,,,,,,,,,,,,,,,,,,,,,,,,,,,,,,
,,,,,,,,,,,,,,,,,,,,,,,,,,,,,,,,,
,,,,,,,,,,,,,,,,,,,,,,,,,,,,,,,,,
,,,,,,,,,,,,,,,,,,,,,,,,,,,,,,,,,
,,,,,,,,,,,,,,,,,,,,,,,,,,,,,,,,,
,,,,,,,,,,,,,,,,,,,,,,,,,,,,,,,,,
,,,,,,,,,,,,,,,,,,,,,,,,,,,,,,,,,
,,,,,,,,,,,,,,,,,,,,,,,,,,,,,,,,,
,,,,,,,,,,,,,,,,,,,,,,,,,,,,,,,,,
,,,,,,,,,,,,,,,,,,,,,,,,,,,,,,,,,
,,,,,,,,,,,,,,,,,,,,,,,,,,,,,,,,,
,,,,,,,,,,,,,,,,,,,,,,,,,,,,,,,,,
,,,,,,,,,,,,,,,,,,,,,,,,,,,,,,,,,
,,,,,,,,,,,,,,,,,,,,,,,,,,,,,,,,,
,,,,,,,,,,,,,,,,,,,,,,,,,,,,,,,,,
,,,,,,,,,,,,,,,,,,,,,,,,,,,,,,,,,
,,,,,,,,,,,,,,,,,,,,,,,,,,,,,,,,,
,,,,,,,,,,,,,,,,,,,,,,,,,,,,,,,,,
,,,,,,,,,,,,,,,,,,,,,,,,,,,,,,,,,
,,,,,,,,,,,,,,,,,,,,,,,,,,,,,,,,,
,,,,,,,,,,,,,,,,,,,,,,,,,,,,,,,,,
,,,,,,,,,,,,,,,,,,,,,,,,,,,,,,,,,
,,,,,,,,,,,,,,,,,,,,,,,,,,,,,,,,,
,,,,,,,,,,,,,,,,,,,,,,,,,,,,,,,,,
,,,,,,,,,,,,,,,,,,,,,,,,,,,,,,,,,
,,,,,,,,,,,,,,,,,,,,,,,,,,,,,,,,,
,,,,,,,,,,,,,,,,,,,,,,,,,,,,,,,,,
,,,,,,,,,,,,,,,,,,,,,,,,,,,,,,,,,
,,,,,,,,,,,,,,,,,,,,,,,,,,,,,,,,,
,,,,,,,,,,,,,,,,,,,,,,,,,,,,,,,,,
,,,,,,,,,,,,,,,,,,,,,,,,,,,,,,,,,
,,,,,,,,,,,,,,,,,,,,,,,,,,,,,,,,,
,,,,,,,,,,,,,,,,,,,,,,,,,,,,,,,,,
,,,,,,,,,,,,,,,,,,,,,,,,,,,,,,,,,
,,,,,,,,,,,,,,,,,,,,,,,,,,,,,,,,,
,,,,,,,,,,,,,,,,,,,,,,,,,,,,,,,,,
,,,,,,,,,,,,,,,,,,,,,,,,,,,,,,,,,
,,,,,,,,,,,,,,,,,,,,,,,,,,,,,,,,,
,,,,,,,,,,,,,,,,,,,,,,,,,,,,,,,,,
,,,,,,,,,,,,,,,,,,,,,,,,,,,,,,,,,
,,,,,,,,,,,,,,,,,,,,,,,,,,,,,,,,,
,,,,,,,,,,,,,,,,,,,,,,,,,,,,,,,,,
,,,,,,,,,,,,,,,,,,,,,,,,,,,,,,,,,
,,,,,,,,,,,,,,,,,,,,,,,,,,,,,,,,,
,,,,,,,,,,,,,,,,,,,,,,,,,,,,,,,,,
,,,,,,,,,,,,,,,,,,,,,,,,,,,,,,,,,
,,,,,,,,,,,,,,,,,,,,,,,,,,,,,,,,,
,,,,,,,,,,,,,,,,,,,,,,,,,,,,,,,,,
,,,,,,,,,,,,,,,,,,,,,,,,,,,,,,,,,
,,,,,,,,,,,,,,,,,,,,,,,,,,,,,,,,,
,,,,,,,,,,,,,,,,,,,,,,,,,,,,,,,,,
,,,,,,,,,,,,,,,,,,,,,,,,,,,,,,,,,
,,,,,,,,,,,,,,,,,,,,,,,,,,,,,,,,,
,,,,,,,,,,,,,,,,,,,,,,,,,,,,,,,,,
,,,,,,,,,,,,,,,,,,,,,,,,,,,,,,,,,
,,,,,,,,,,,,,,,,,,,,,,,,,,,,,,,,,
,,,,,,,,,,,,,,,,,,,,,,,,,,,,,,,,,
,,,,,,,,,,,,,,,,,,,,,,,,,,,,,,,,,
,,,,,,,,,,,,,,,,,,,,,,,,,,,,,,,,,
,,,,,,,,,,,,,,,,,,,,,,,,,,,,,,,,,
,,,,,,,,,,,,,,,,,,,,,,,,,,,,,,,,,
,,,,,,,,,,,,,,,,,,,,,,,,,,,,,,,,,
,,,,,,,,,,,,,,,,,,,,,,,,,,,,,,,,,
,,,,,,,,,,,,,,,,,,,,,,,,,,,,,,,,,
,,,,,,,,,,,,,,,,,,,,,,,,,,,,,,,,,
,,,,,,,,,,,,,,,,,,,,,,,,,,,,,,,,,
,,,,,,,,,,,,,,,,,,,,,,,,,,,,,,,,,
,,,,,,,,,,,,,,,,,,,,,,,,,,,,,,,,,
,,,,,,,,,,,,,,,,,,,,,,,,,,,,,,,,,
,,,,,,,,,,,,,,,,,,,,,,,,,,,,,,,,,
,,,,,,,,,,,,,,,,,,,,,,,,,,,,,,,,,
,,,,,,,,,,,,,,,,,,,,,,,,,,,,,,,,,
,,,,,,,,,,,,,,,,,,,,,,,,,,,,,,,,,
,,,,,,,,,,,,,,,,,,,,,,,,,,,,,,,,,
,,,,,,,,,,,,,,,,,,,,,,,,,,,,,,,,,
,,,,,,,,,,,,,,,,,,,,,,,,,,,,,,,,,
,,,,,,,,,,,,,,,,,,,,,,,,,,,,,,,,,
,,,,,,,,,,,,,,,,,,,,,,,,,,,,,,,,,
,,,,,,,,,,,,,,,,,,,,,,,,,,,,,,,,,
,,,,,,,,,,,,,,,,,,,,,,,,,,,,,,,,,
